A,B,C,D,E,F,G,H,I,J,K,L,M,N,O,P,Q,R,S,T,decision
0.906032,AODV,88,10240,32,0,0,Route Request,0,2,40,0,0,6,11,9.17,4,2.49,4,7.27,normal
0.00025,AODV,84,16384,28,1,3000,Route Reply,100,7,41,1,0,6,11,9.17,4,2.49,4,7.27,attack
0.001306,AODV,88,10240,32,1,0,Route Request,0,0,40,1,0,6,11,9.17,4,2.49,4,7.27,normal
0.00023,AODV,88,10240,32,0,0,Route Request,0,1,42,0,0,6,11,9.17,4,2.49,4,7.27,attack
0.001904,AODV,88,10240,32,2,0,Route Request,0,6,40,1,0,6,11,9.17,4,2.49,4,7.27,normal
0.001166,AODV,88,10240,32,2,0,Route Request,0,5,40,1,0,6,11,9.17,4,2.49,4,7.27,normal
0.000966,AODV,88,10240,32,1,0,Route Request,0,0,41,1,0,6,11,9.17,4,2.49,4,7.27,normal
0.00133,AODV,66,0,10,0,0,Route Reply Acknowledgment,0,7,43,2,0,6,11,9.17,4,2.49,4,7.27,normal
0.009458,UDP,1104,0,1048,0,0,0,0,8,44,2,0,6,11,9.17,4,2.49,4,7.27,normal
0.001251,AODV,88,10240,32,2,0,Route Request,0,3,40,1,0,6,11,9.17,4,2.49,4,7.27,normal
0.009076,UDP,1104,0,1048,0,0,0,0,8,45,2,0,6,11,9.17,4,2.49,4,7.27,normal
0.00267,AODV,88,10240,32,1,0,Route Request,0,4,42,1,0,6,11,9.17,4,2.49,4,7.27,normal
0.001941,AODV,88,10240,32,2,0,Route Request,0,4,43,1,0,6,11,9.17,4,2.49,4,7.27,normal
0.000955,AODV,88,10240,32,2,0,Route Request,0,0,42,1,0,6,11,9.17,4,2.49,4,7.27,normal
0.000914,AODV,84,0,28,3,5359,Route Reply,1,7,46,1,0,6,11,9.17,4,2.49,4,7.27,normal
0.001484,AODV,88,10240,32,1,0,Route Request,0,3,41,1,0,6,11,9.17,4,2.49,4,7.27,normal
0.000914,AODV,84,0,28,2,2985,Route Reply,100,9,48,1,0,6,11,9.17,4,2.49,4,7.27,normal
0.001885,AODV,88,10240,32,1,0,Route Request,0,3,42,1,0,6,11,9.17,4,2.49,4,7.27,normal
0.002749,AODV,88,10240,32,2,0,Route Request,0,5,42,1,0,6,11,9.17,4,2.49,4,7.27,normal
0.001087,AODV,88,10240,32,1,0,Route Request,0,6,42,1,0,6,11,9.17,4,2.49,4,7.27,normal
0.000354,AODV,84,16384,28,1,3000,Route Reply,100,10,46,1,0,6,11,9.17,4,2.49,4,7.27,attack
0.000987,AODV,88,10240,32,3,0,Route Request,0,5,43,1,0,6,11,9.17,4,2.49,4,7.27,normal
0.009655,UDP,1104,0,1048,0,0,0,0,8,49,2,0,6,11,9.17,4,2.49,4,7.27,normal
0.001965,AODV,88,10240,32,4,0,Route Request,0,3,43,1,0,6,11,9.17,4,2.49,4,7.27,normal
0.001127,AODV,88,10240,32,4,0,Route Request,0,4,46,1,0,6,11,9.17,4,2.49,4,7.27,normal
0.002949,AODV,88,10240,32,1,0,Route Request,0,6,43,1,0,6,11,9.17,4,2.49,4,7.27,normal
0.002171,AODV,88,10240,32,3,0,Route Request,0,6,44,1,0,6,11,9.17,4,2.49,4,7.27,normal
0.002243,AODV,84,0,28,3,2985,Route Reply,100,11,47,1,0,6,11,9.17,4,2.49,4,7.27,normal
0.001314,AODV,84,0,28,3,2985,Route Reply,100,11,47,1,0,6,11,9.17,4,2.49,4,7.27,normal
0.009495,UDP,1104,0,1048,0,0,0,0,8,51,2,0,6,11,9.17,4,2.49,4,7.27,normal
0.000954,AODV,84,0,28,2,3000,Route Reply,100,12,50,1,0,6,11,9.17,4,2.49,4,7.27,normal
0.000354,AODV,84,16384,28,1,3000,Route Reply,100,13,49,1,0,6,11,9.17,4,2.49,4,7.27,attack
0.000871,AODV,66,0,10,0,0,Route Reply Acknowledgment,0,12,51,2,0,6,11,9.17,4,2.49,4,7.27,normal
0.001084,AODV,66,0,10,0,0,Route Reply Acknowledgment,0,10,52,2,0,6,11,9.17,4,2.49,4,7.27,normal
0.001279,AODV,84,0,28,4,5279,Route Reply,1,9,48,1,0,6,11,9.17,4,2.49,4,7.27,normal
0.000914,AODV,84,0,28,5,5279,Route Reply,1,7,52,1,0,6,11,9.17,4,2.49,4,7.27,normal
0.001116,AODV,66,0,10,0,0,Route Reply Acknowledgment,0,14,48,2,0,6,11,9.17,4,2.49,4,7.27,normal
0.001308,AODV,84,0,28,2,3000,Route Reply,100,10,53,1,0,6,11,9.17,4,2.49,4,7.27,normal
0.0013,AODV,84,0,28,4,2985,Route Reply,100,12,54,1,0,6,11,9.17,4,2.49,4,7.27,normal
0.000914,AODV,84,0,28,2,3000,Route Reply,100,15,49,1,0,6,11,9.17,4,2.49,4,7.27,normal
0.001034,AODV,84,0,28,3,2970,Route Reply,100,16,50,1,0,6,11,9.17,4,2.49,4,7.27,normal
0.001015,AODV,84,0,28,4,3000,Route Reply,100,15,50,1,0,6,11,9.17,4,2.49,4,7.27,normal
0.009075,UDP,1104,0,1048,0,0,0,0,8,53,2,0,6,11,9.17,4,2.49,4,7.27,normal
0.000954,AODV,84,0,28,2,3000,Route Reply,100,17,48,1,0,6,11,9.17,4,2.49,4,7.27,normal
0.002323,AODV,84,0,28,3,3000,Route Reply,100,9,51,1,0,6,11,9.17,4,2.49,4,7.27,normal
0.000915,AODV,84,0,28,5,3000,Route Reply,100,9,52,1,0,6,11,9.17,4,2.49,4,7.27,normal
0.001076,AODV,84,0,28,4,2970,Route Reply,100,17,49,1,0,6,11,9.17,4,2.49,4,7.27,normal
0.003668,AODV,66,0,10,0,0,Route Reply Acknowledgment,0,13,50,2,0,6,11,9.17,4,2.49,4,7.27,normal
0.000914,AODV,84,0,28,5,2975,Route Reply,0,15,52,1,0,6,11,9.17,4,2.49,4,7.27,normal
0.000914,AODV,84,0,28,6,2975,Route Reply,0,9,54,1,0,6,11,9.17,4,2.49,4,7.27,normal
0.000914,AODV,84,0,28,4,3000,Route Reply,100,13,53,1,0,6,11,9.17,4,2.49,4,7.27,normal
0.005851,AODV,84,0,28,0,0,Route Error,"1,0",14,66,2,0,6,11,9.17,4,2.49,4,7.27,normal
0.006412,AODV,84,0,28,0,0,Route Error,"1,0",9,70,2,0,6,11,9.17,4,2.49,4,7.27,normal
0.002486,AODV,76,0,20,0,0,Route Error,1,7,70,2,0,6,11,9.17,4,2.49,4,7.27,normal
0.003309,AODV,76,0,20,0,0,Route Error,0,14,77,2,0,6,11,9.17,4,2.49,4,7.27,normal
0.004868,AODV,88,10240,32,2,0,Route Request,0,5,40,1,0,7,10,6.29,2,2.49,3,6.82,normal
0.002148,AODV,88,10240,32,0,0,Route Request,0,4,41,0,0,7,10,6.29,2,2.49,3,6.82,attack
0.001843,AODV,88,10240,32,1,0,Route Request,0,2,40,1,0,7,10,6.29,2,2.49,3,6.82,normal
0.00095,AODV,88,10240,32,1,0,Route Request,0,8,40,1,0,7,10,6.29,2,2.49,3,6.82,normal
0.000956,AODV,88,10240,32,3,0,Route Request,0,7,40,1,0,7,10,6.29,2,2.49,3,6.82,normal
0.001247,AODV,88,10240,32,4,0,Route Request,0,8,41,1,0,7,10,6.29,2,2.49,3,6.82,normal
0.001546,AODV,88,10240,32,4,0,Route Request,0,2,41,1,0,7,10,6.29,2,2.49,3,6.82,normal
0.003251,AODV,88,10240,32,1,0,Route Request,0,7,41,1,0,7,10,6.29,2,2.49,3,6.82,normal
0.001138,AODV,88,10240,32,1,0,Route Request,0,1,41,1,0,7,10,6.29,2,2.49,3,6.82,normal
0.00181,AODV,88,10240,32,1,0,Route Request,0,1,42,1,0,7,10,6.29,2,2.49,3,6.82,normal
0.000956,AODV,88,10240,32,3,0,Route Request,0,7,42,1,0,7,10,6.29,2,2.49,3,6.82,normal
0.000986,AODV,88,10240,32,2,0,Route Request,0,1,43,1,0,7,10,6.29,2,2.49,3,6.82,normal
0.002356,AODV,88,10240,32,3,0,Route Request,0,6,42,1,0,7,10,6.29,2,2.49,3,6.82,normal
0.001007,AODV,88,10240,32,1,0,Route Request,0,3,41,1,0,7,10,6.29,2,2.49,3,6.82,normal
0.002075,AODV,88,10240,32,4,0,Route Request,0,8,42,1,0,7,10,6.29,2,2.49,3,6.82,normal
0.002404,AODV,88,10240,32,3,0,Route Request,0,7,43,1,0,7,10,6.29,2,2.49,3,6.82,normal
0.000354,AODV,84,16384,28,1,3000,Route Reply,100,9,44,1,0,7,10,6.29,2,2.49,3,6.82,attack
0.001252,AODV,88,10240,32,4,0,Route Request,0,2,42,1,0,7,10,6.29,2,2.49,3,6.82,normal
0.001922,AODV,88,10240,32,1,0,Route Request,0,3,42,1,0,7,10,6.29,2,2.49,3,6.82,normal
0.000967,AODV,88,10240,32,4,0,Route Request,0,8,43,1,0,7,10,6.29,2,2.49,3,6.82,normal
0.002758,AODV,88,10240,32,1,0,Route Request,0,5,42,1,0,7,10,6.29,2,2.49,3,6.82,normal
0.003565,AODV,84,16384,28,1,3000,Route Reply,100,10,46,1,0,7,10,6.29,2,2.49,3,6.82,attack
0.001123,AODV,88,10240,32,3,0,Route Request,0,6,43,1,0,7,10,6.29,2,2.49,3,6.82,normal
0.001025,AODV,84,16384,28,1,3000,Route Reply,100,11,47,1,0,7,10,6.29,2,2.49,3,6.82,attack
0.002336,AODV,88,10240,32,4,0,Route Request,0,3,43,1,0,7,10,6.29,2,2.49,3,6.82,normal
0.001126,AODV,88,10240,32,4,0,Route Request,0,1,46,1,0,7,10,6.29,2,2.49,3,6.82,normal
0.000986,AODV,88,10240,32,1,0,Route Request,0,5,43,1,0,7,10,6.29,2,2.49,3,6.82,normal
0.00079,AODV,66,0,10,0,0,Route Reply Acknowledgment,0,11,48,2,0,7,10,6.29,2,2.49,3,6.82,normal
0.001371,AODV,88,10240,32,3,0,Route Request,0,5,44,1,0,7,10,6.29,2,2.49,3,6.82,normal
0.000934,AODV,84,0,28,4,3000,Route Reply,100,11,49,1,0,7,10,6.29,2,2.49,3,6.82,normal
0.000914,AODV,84,0,28,2,3000,Route Reply,100,12,50,1,0,7,10,6.29,2,2.49,3,6.82,normal
0.000954,AODV,84,0,28,2,3000,Route Reply,100,10,50,1,0,7,10,6.29,2,2.49,3,6.82,normal
0.003209,AODV,66,0,10,0,0,Route Reply Acknowledgment,0,10,51,2,0,7,10,6.29,2,2.49,3,6.82,normal
0.001075,AODV,66,0,10,0,0,Route Reply Acknowledgment,0,13,52,2,0,7,10,6.29,2,2.49,3,6.82,normal
0.003642,AODV,66,0,10,0,0,Route Reply Acknowledgment,0,9,48,2,0,7,10,6.29,2,2.49,3,6.82,normal
0.001299,AODV,84,0,28,2,3000,Route Reply,100,13,53,1,0,7,10,6.29,2,2.49,3,6.82,normal
0.001309,AODV,84,0,28,4,2985,Route Reply,100,10,54,1,0,7,10,6.29,2,2.49,3,6.82,normal
0.000914,AODV,84,0,28,2,3000,Route Reply,100,14,49,1,0,7,10,6.29,2,2.49,3,6.82,normal
0.004561,AODV,84,0,28,4,3000,Route Reply,100,14,50,1,0,7,10,6.29,2,2.49,3,6.82,normal
0.000914,AODV,84,0,28,5,2975,Route Reply,0,14,52,1,0,7,10,6.29,2,2.49,3,6.82,normal
0.000914,AODV,84,0,28,5,2993,Route Reply,0,11,52,1,0,7,10,6.29,2,2.49,3,6.82,normal
0.003356,AODV,84,0,28,0,0,Route Error,"1,0",9,66,2,0,7,10,6.29,2,2.49,3,6.82,normal
0.001018,AODV,92,0,36,0,0,Route Error,"1,1,0",11,67,2,0,7,10,6.29,2,2.49,3,6.82,normal
0.003309,AODV,76,0,20,0,0,Route Error,0,9,77,2,0,7,10,6.29,2,2.49,3,6.82,normal
0.939382,AODV,88,10240,32,4,0,Route Request,0,1,40,1,0,2,21,19,4,2.61,9,23.68,normal
0.004,AODV,88,10240,32,0,0,Route Request,0,2,40,0,0,2,21,19,4,2.61,9,23.68,attack
0.001843,AODV,88,10240,32,1,0,Route Request,0,1,41,1,0,2,21,19,4,2.61,9,23.68,normal
0.003342,AODV,88,10240,32,5,0,Route Request,0,4,40,1,0,2,21,19,4,2.61,9,23.68,normal
0.002823,AODV,88,10240,32,3,0,Route Request,0,1,43,1,0,2,21,19,4,2.61,9,23.68,normal
0.000346,AODV,84,16384,28,1,3000,Route Reply,100,6,42,1,0,2,21,19,4,2.61,9,23.68,attack
0.001507,AODV,88,10240,32,1,0,Route Request,0,4,41,1,0,2,21,19,4,2.61,9,23.68,normal
0.001862,AODV,88,10240,32,3,0,Route Request,0,1,45,1,0,2,21,19,4,2.61,9,23.68,normal
0.001024,AODV,88,10240,32,4,0,Route Request,0,4,42,1,0,2,21,19,4,2.61,9,23.68,normal
0.000914,AODV,84,0,28,2,3000,Route Reply,100,7,47,1,0,2,21,19,4,2.61,9,23.68,normal
0.001236,AODV,84,16384,28,1,3000,Route Reply,100,6,43,1,0,2,21,19,4,2.61,9,23.68,attack
0.002057,AODV,88,10240,32,4,0,Route Request,0,4,43,1,0,2,21,19,4,2.61,9,23.68,normal
0.000975,AODV,84,0,28,2,3000,Route Reply,100,7,48,1,0,2,21,19,4,2.61,9,23.68,normal
0.00105,AODV,66,0,10,0,0,Route Reply Acknowledgment,0,6,49,2,0,2,21,19,4,2.61,9,23.68,normal
0.001507,AODV,84,16384,28,1,3000,Route Reply,100,6,46,1,0,2,21,19,4,2.61,9,23.68,attack
0.00085,AODV,66,0,10,0,0,Route Reply Acknowledgment,0,6,50,2,0,2,21,19,4,2.61,9,23.68,normal
0.001355,AODV,66,0,10,0,0,Route Reply Acknowledgment,0,6,51,2,0,2,21,19,4,2.61,9,23.68,normal
0.003381,AODV,84,0,28,2,3000,Route Reply,100,7,52,1,0,2,21,19,4,2.61,9,23.68,normal
0.000914,AODV,84,0,28,4,3000,Route Reply,100,6,54,1,0,2,21,19,4,2.61,9,23.68,normal
0.000914,AODV,84,0,28,4,3000,Route Reply,100,6,55,1,0,2,21,19,4,2.61,9,23.68,normal
0.000914,AODV,84,0,28,6,2970,Route Reply,100,6,56,1,0,2,21,19,4,2.61,9,23.68,normal
0.001014,AODV,84,0,28,2,2994,Route Reply,0,8,47,1,0,2,21,19,4,2.61,9,23.68,normal
0.001074,AODV,84,0,28,2,2975,Route Reply,0,9,49,1,0,2,21,19,4,2.61,9,23.68,normal
0.000914,AODV,84,0,28,3,2975,Route Reply,0,7,59,1,0,2,21,19,4,2.61,9,23.68,normal
0.003459,AODV,84,0,28,2,2993,Route Reply,0,9,50,1,0,2,21,19,4,2.61,9,23.68,normal
0.000914,AODV,84,0,28,3,2993,Route Reply,0,7,60,1,0,2,21,19,4,2.61,9,23.68,normal
0.002599,AODV,66,0,10,0,0,Route Reply Acknowledgment,0,10,51,2,0,2,21,19,4,2.61,9,23.68,normal
0.001947,AODV,66,0,10,0,0,Route Reply Acknowledgment,0,10,52,2,0,2,21,19,4,2.61,9,23.68,normal
0.00192,AODV,66,0,10,0,0,Route Reply Acknowledgment,0,10,53,2,0,2,21,19,4,2.61,9,23.68,normal
0.00085,AODV,76,0,20,0,0,Route Error,1,6,67,2,0,2,21,19,4,2.61,9,23.68,normal
0.001486,AODV,76,0,20,0,0,Route Error,0,4,62,2,0,2,21,19,4,2.61,9,23.68,normal
0.003311,AODV,100,0,44,0,0,Route Error,"1,1,1,0",10,65,2,0,2,21,19,4,2.61,9,23.68,normal
0.007486,AODV,76,0,20,0,0,Route Error,1,6,72,2,0,2,21,19,4,2.61,9,23.68,normal
0.005486,AODV,76,0,20,0,0,Route Error,1,6,74,2,0,2,21,19,4,2.61,9,23.68,normal
0.005486,AODV,76,0,20,0,0,Route Error,1,6,79,2,0,2,21,19,4,2.61,9,23.68,normal
0.010801,AODV,76,0,20,0,0,Route Error,0,6,102,2,0,2,21,19,4,2.61,9,23.68,normal
0.006558,AODV,76,0,20,0,0,Route Error,0,6,111,2,0,2,21,19,4,2.61,9,23.68,normal
0.005258,AODV,76,0,20,0,0,Route Error,0,4,102,2,0,2,21,19,4,2.61,9,23.68,normal
0.001214,AODV,84,0,28,6,5119,Route Reply,1,3,41,1,0,1,7,8,1,2.67,2,25,normal
0.003416,AODV,84,0,28,2,5439,Route Reply,1,3,42,1,0,1,7,8,1,2.67,2,25,normal
0.008823,AODV,84,0,28,5,5199,Route Reply,1,3,46,1,0,1,7,8,1,2.67,2,25,normal
0.001014,AODV,84,16384,28,1,2975,Route Reply,0,4,48,1,0,1,7,8,1,2.67,2,25,normal
0.00161,AODV,84,16384,28,1,2994,Route Reply,0,4,49,1,0,1,7,8,1,2.67,2,25,normal
0.001329,AODV,84,16384,28,1,2993,Route Reply,0,4,50,1,0,1,7,8,1,2.67,2,25,normal
0.041665,AODV,76,0,20,0,0,Route Error,0,4,60,2,0,1,7,8,1,2.67,2,25,normal
0.002057,AODV,100,0,44,0,0,Route Error,"1,1,1,0",4,65,2,0,1,7,8,1,2.67,2,25,normal
0.906,AODV,88,10240,32,0,0,Route Request,0,2,40,0,0,2,11,13,4,2.44,2,7.69,normal
0.002029,AODV,84,16384,28,1,3000,Route Reply,100,4,41,1,0,2,11,13,4,2.44,2,7.69,attack
0.001611,AODV,88,10240,32,1,0,Route Request,0,0,40,1,0,2,11,13,4,2.44,2,7.69,normal
0.001126,AODV,88,10240,32,0,0,Route Request,0,1,42,0,0,2,11,13,4,2.44,2,7.69,attack
0.003141,AODV,88,10240,32,1,0,Route Request,0,0,41,1,0,2,11,13,4,2.44,2,7.69,normal
0.000914,AODV,66,0,10,0,0,Route Reply Acknowledgment,0,4,43,2,0,2,11,13,4,2.44,2,7.69,normal
0.00013,UDP,1104,0,1048,0,0,0,0,5,44,2,0,2,11,13,4,2.44,2,7.69,normal
0.000997,UDP,1104,0,1048,0,0,0,0,5,45,2,0,2,11,13,4,2.44,2,7.69,normal
0.005262,AODV,88,10240,32,2,0,Route Request,0,0,42,1,0,2,11,13,4,2.44,2,7.69,normal
0.00005,AODV,84,0,28,3,5359,Route Reply,1,4,46,1,0,2,11,13,4,2.44,2,7.69,normal
0.000354,AODV,84,0,28,2,2985,Route Reply,100,6,48,1,0,2,11,13,4,2.44,2,7.69,normal
0.000914,AODV,84,16384,28,1,3000,Route Reply,100,7,46,1,0,2,11,13,4,2.44,2,7.69,attack
0.00063,UDP,1104,0,1048,0,0,0,0,5,49,2,0,2,11,13,4,2.44,2,7.69,normal
0.008258,AODV,84,0,28,3,2985,Route Reply,100,8,47,1,0,2,11,13,4,2.44,2,7.69,normal
0.001629,AODV,84,0,28,3,2985,Route Reply,100,8,47,1,0,2,11,13,4,2.44,2,7.69,normal
0.000785,UDP,1104,0,1048,0,0,0,0,5,51,2,0,2,11,13,4,2.44,2,7.69,normal
0.000914,AODV,84,16384,28,1,3000,Route Reply,100,9,49,1,0,2,11,13,4,2.44,2,7.69,attack
0.000974,AODV,84,0,28,4,5279,Route Reply,1,6,48,1,0,2,11,13,4,2.44,2,7.69,normal
0.000354,AODV,84,0,28,5,5279,Route Reply,1,4,52,1,0,2,11,13,4,2.44,2,7.69,normal
0.001034,AODV,84,0,28,3,2970,Route Reply,100,10,50,1,0,2,11,13,4,2.44,2,7.69,normal
0.00005,UDP,1104,0,1048,0,0,0,0,5,53,2,0,2,11,13,4,2.44,2,7.69,normal
0.003592,AODV,84,0,28,3,3000,Route Reply,100,6,51,1,0,2,11,13,4,2.44,2,7.69,normal
0.001219,AODV,84,0,28,5,3000,Route Reply,100,6,52,1,0,2,11,13,4,2.44,2,7.69,normal
0.000914,AODV,84,0,28,6,2975,Route Reply,0,6,54,1,0,2,11,13,4,2.44,2,7.69,normal
0.006412,AODV,84,0,28,0,0,Route Error,"1,0",6,70,2,0,2,11,13,4,2.44,2,7.69,normal
0.00199,AODV,76,0,20,0,0,Route Error,1,4,70,2,0,2,11,13,4,2.44,2,7.69,normal
0.923246,AODV,88,10240,32,4,0,Route Request,0,0,40,1,0,2,19,16,4,3.38,8,25,normal
0.005843,AODV,88,10240,32,1,0,Route Request,0,0,41,1,0,2,19,16,4,3.38,8,25,normal
0.002157,AODV,88,10240,32,5,0,Route Request,0,2,40,1,0,2,19,16,4,3.38,8,25,normal
0.000505,AODV,88,10240,32,2,0,Route Request,0,2,41,1,0,2,19,16,4,3.38,8,25,normal
0.00567,AODV,88,10240,32,3,0,Route Request,0,0,43,1,0,2,19,16,4,3.38,8,25,normal
0.003695,AODV,88,10240,32,4,0,Route Request,0,2,42,1,0,2,19,16,4,3.38,8,25,normal
0.001862,AODV,88,10240,32,3,0,Route Request,0,0,45,1,0,2,19,16,4,3.38,8,25,normal
0.000914,AODV,84,0,28,2,3000,Route Reply,100,3,47,1,0,2,19,16,4,3.38,8,25,normal
0.001005,AODV,88,10240,32,4,0,Route Request,0,2,43,1,0,2,19,16,4,3.38,8,25,normal
0.002277,AODV,84,0,28,2,3000,Route Reply,100,3,48,1,0,2,19,16,4,3.38,8,25,normal
0.00105,AODV,66,0,10,0,0,Route Reply Acknowledgment,0,4,49,2,0,2,19,16,4,3.38,8,25,normal
0.00085,AODV,66,0,10,0,0,Route Reply Acknowledgment,0,4,50,2,0,2,19,16,4,3.38,8,25,normal
0.001365,AODV,66,0,10,0,0,Route Reply Acknowledgment,0,4,51,2,0,2,19,16,4,3.38,8,25,normal
0.003391,AODV,84,0,28,2,3000,Route Reply,100,3,52,1,0,2,19,16,4,3.38,8,25,normal
0.000914,AODV,84,0,28,4,3000,Route Reply,100,4,54,1,0,2,19,16,4,3.38,8,25,normal
0.000914,AODV,84,0,28,3,3000,Route Reply,100,3,54,1,0,2,19,16,4,3.38,8,25,normal
0.000914,AODV,84,0,28,4,3000,Route Reply,100,4,55,1,0,2,19,16,4,3.38,8,25,normal
0.000914,AODV,84,0,28,5,2970,Route Reply,100,3,55,1,0,2,19,16,4,3.38,8,25,normal
0.000914,AODV,84,0,28,6,2970,Route Reply,100,4,56,1,0,2,19,16,4,3.38,8,25,normal
0.000914,AODV,84,0,28,3,2975,Route Reply,0,3,59,1,0,2,19,16,4,3.38,8,25,normal
0.000914,AODV,84,0,28,4,2975,Route Reply,0,6,58,1,0,2,19,16,4,3.38,8,25,normal
0.000914,AODV,84,0,28,3,2993,Route Reply,0,3,60,1,0,2,19,16,4,3.38,8,25,normal
0.001014,AODV,84,0,28,4,2993,Route Reply,0,7,59,1,0,2,19,16,4,3.38,8,25,normal
0.002287,AODV,84,0,28,3,3000,Route Reply,100,8,60,1,0,2,19,16,4,3.38,8,25,normal
0.97899,AODV,84,0,28,0,0,Route Error,"1,0",3,67,2,0,2,19,16,4,3.38,8,25,normal
0.00085,AODV,76,0,20,0,0,Route Error,1,4,67,2,0,2,19,16,4,3.38,8,25,normal
0.005765,AODV,84,0,28,0,0,Route Error,"1,0",3,72,2,0,2,19,16,4,3.38,8,25,normal
0.001791,AODV,76,0,20,0,0,Route Error,1,4,72,2,0,2,19,16,4,3.38,8,25,normal
0.004746,AODV,76,0,20,0,0,Route Error,1,3,74,2,0,2,19,16,4,3.38,8,25,normal
0.005486,AODV,76,0,20,0,0,Route Error,1,4,74,2,0,2,19,16,4,3.38,8,25,normal
0.003721,AODV,84,0,28,0,0,Route Error,"1,0",3,79,2,0,2,19,16,4,3.38,8,25,normal
0.001747,AODV,76,0,20,0,0,Route Error,1,4,79,2,0,2,19,16,4,3.38,8,25,normal
0.024426,AODV,88,10240,32,5,0,Route Request,0,3,40,1,0,1,12,20,8,2.93,3,15,normal
0.000654,AODV,84,0,28,6,5119,Route Reply,1,4,41,1,0,1,12,20,8,2.93,3,15,normal
0.002501,AODV,88,10240,32,1,0,Route Request,0,3,41,1,0,1,12,20,8,2.93,3,15,normal
0.00005,AODV,84,0,28,2,5439,Route Reply,1,4,42,1,0,1,12,20,8,2.93,3,15,normal
0.003555,AODV,88,10240,32,4,0,Route Request,0,3,42,1,0,1,12,20,8,2.93,3,15,normal
0.00005,AODV,84,0,28,5,5199,Route Reply,1,4,45,1,0,1,12,20,8,2.93,3,15,normal
0.007909,AODV,88,10240,32,4,0,Route Request,0,3,43,1,0,1,12,20,8,2.93,3,15,normal
0.00005,AODV,84,0,28,5,5199,Route Reply,1,4,46,1,0,1,12,20,8,2.93,3,15,normal
0.000454,AODV,84,16384,28,1,2975,Route Reply,0,5,48,1,0,1,12,20,8,2.93,3,15,normal
0.00043,AODV,84,16384,28,1,2994,Route Reply,0,5,49,1,0,1,12,20,8,2.93,3,15,normal
0.00015,AODV,84,16384,28,1,2993,Route Reply,0,5,50,1,0,1,12,20,8,2.93,3,15,normal
0.001169,AODV,84,0,28,2,2994,Route Reply,0,6,47,1,0,1,12,20,8,2.93,3,15,normal
0.001074,AODV,84,0,28,2,2975,Route Reply,0,7,49,1,0,1,12,20,8,2.93,3,15,normal
0.004688,AODV,84,0,28,2,2993,Route Reply,0,7,50,1,0,1,12,20,8,2.93,3,15,normal
0.003829,AODV,66,0,10,0,0,Route Reply Acknowledgment,0,5,51,2,0,1,12,20,8,2.93,3,15,normal
0.001936,AODV,66,0,10,0,0,Route Reply Acknowledgment,0,5,52,2,0,1,12,20,8,2.93,3,15,normal
0.001911,AODV,66,0,10,0,0,Route Reply Acknowledgment,0,5,53,2,0,1,12,20,8,2.93,3,15,normal
0.039014,AODV,76,0,20,0,0,Route Error,0,5,60,2,0,1,12,20,8,2.93,3,15,normal
0.001486,AODV,76,0,20,0,0,Route Error,0,3,62,2,0,1,12,20,8,2.93,3,15,normal
0.002921,AODV,100,0,44,0,0,Route Error,"1,1,1,0",5,65,2,0,1,12,20,8,2.93,3,15,normal
0.001115,AODV,84,16384,28,1,3000,Route Reply,100,12,41,1,0,8,10,6.38,1,2.37,4,7.84,attack
0.00162,AODV,88,10240,32,1,0,Route Request,0,0,40,1,0,8,10,6.38,1,2.37,4,7.84,normal
0.001127,AODV,88,10240,32,0,0,Route Request,0,10,42,0,0,8,10,6.38,1,2.37,4,7.84,attack
0.001006,AODV,88,10240,32,2,0,Route Request,0,6,40,1,0,8,10,6.38,1,2.37,4,7.84,normal
0.002134,AODV,88,10240,32,1,0,Route Request,0,0,41,1,0,8,10,6.38,1,2.37,4,7.84,normal
0.002339,AODV,88,10240,32,0,0,Route Request,0,5,41,0,0,8,10,6.38,1,2.37,4,7.84,attack
0.002853,AODV,88,10240,32,3,0,Route Request,0,2,40,1,0,8,10,6.38,1,2.37,4,7.84,normal
0.006044,AODV,88,10240,32,1,0,Route Request,0,2,41,1,0,8,10,6.38,1,2.37,4,7.84,normal
0.000242,AODV,88,10240,32,2,0,Route Request,0,3,40,1,0,8,10,6.38,1,2.37,4,7.84,normal
0.001106,AODV,88,10240,32,1,0,Route Request,0,1,42,1,0,8,10,6.38,1,2.37,4,7.84,normal
0.000956,AODV,88,10240,32,3,0,Route Request,0,2,42,1,0,8,10,6.38,1,2.37,4,7.84,normal
0.000986,AODV,88,10240,32,2,0,Route Request,0,1,43,1,0,8,10,6.38,1,2.37,4,7.84,normal
0.000955,AODV,88,10240,32,2,0,Route Request,0,0,42,1,0,8,10,6.38,1,2.37,4,7.84,normal
0.001402,AODV,88,10240,32,3,0,Route Request,0,8,42,1,0,8,10,6.38,1,2.37,4,7.84,normal
0.00011,AODV,88,10240,32,1,0,Route Request,0,3,41,1,0,8,10,6.38,1,2.37,4,7.84,normal
0.001836,AODV,88,10240,32,3,0,Route Request,0,2,43,1,0,8,10,6.38,1,2.37,4,7.84,normal
0.000914,AODV,84,16384,28,1,3000,Route Reply,100,13,44,1,0,8,10,6.38,1,2.37,4,7.84,attack
0.000284,AODV,88,10240,32,1,0,Route Request,0,3,42,1,0,8,10,6.38,1,2.37,4,7.84,normal
0.002053,AODV,88,10240,32,1,0,Route Request,0,6,42,1,0,8,10,6.38,1,2.37,4,7.84,normal
0.000914,AODV,84,16384,28,1,3000,Route Reply,100,14,46,1,0,8,10,6.38,1,2.37,4,7.84,attack
0.004124,AODV,84,16384,28,1,3000,Route Reply,100,15,46,1,0,8,10,6.38,1,2.37,4,7.84,attack
0.001123,AODV,88,10240,32,3,0,Route Request,0,8,43,1,0,8,10,6.38,1,2.37,4,7.84,normal
0.00189,AODV,84,16384,28,1,3000,Route Reply,100,16,47,1,0,8,10,6.38,1,2.37,4,7.84,attack
0.000364,AODV,88,10240,32,4,0,Route Request,0,3,43,1,0,8,10,6.38,1,2.37,4,7.84,normal
0.002023,AODV,88,10240,32,4,0,Route Request,0,1,46,1,0,8,10,6.38,1,2.37,4,7.84,normal
0.000986,AODV,88,10240,32,1,0,Route Request,0,6,43,1,0,8,10,6.38,1,2.37,4,7.84,normal
0.00079,AODV,66,0,10,0,0,Route Reply Acknowledgment,0,16,48,2,0,8,10,6.38,1,2.37,4,7.84,normal
0.001066,AODV,88,10240,32,3,0,Route Request,0,6,44,1,0,8,10,6.38,1,2.37,4,7.84,normal
0.000934,AODV,84,0,28,4,3000,Route Reply,100,16,49,1,0,8,10,6.38,1,2.37,4,7.84,normal
0.001315,AODV,84,0,28,3,2985,Route Reply,100,17,47,1,0,8,10,6.38,1,2.37,4,7.84,normal
0.000914,AODV,84,0,28,2,3000,Route Reply,100,18,50,1,0,8,10,6.38,1,2.37,4,7.84,normal
0.000954,AODV,84,0,28,2,3000,Route Reply,100,15,50,1,0,8,10,6.38,1,2.37,4,7.84,normal
0.000914,AODV,84,16384,28,1,3000,Route Reply,100,19,49,1,0,8,10,6.38,1,2.37,4,7.84,attack
0.001185,AODV,66,0,10,0,0,Route Reply Acknowledgment,0,15,51,2,0,8,10,6.38,1,2.37,4,7.84,normal
0.00077,AODV,66,0,10,0,0,Route Reply Acknowledgment,0,14,52,2,0,8,10,6.38,1,2.37,4,7.84,normal
0.000974,AODV,84,0,28,4,5279,Route Reply,1,20,48,1,0,8,10,6.38,1,2.37,4,7.84,normal
0.000811,AODV,66,0,10,0,0,Route Reply Acknowledgment,0,13,48,2,0,8,10,6.38,1,2.37,4,7.84,normal
0.000994,AODV,84,0,28,2,3000,Route Reply,100,14,53,1,0,8,10,6.38,1,2.37,4,7.84,normal
0.000994,AODV,84,0,28,4,2985,Route Reply,100,15,54,1,0,8,10,6.38,1,2.37,4,7.84,normal
0.000914,AODV,84,0,28,2,3000,Route Reply,100,21,49,1,0,8,10,6.38,1,2.37,4,7.84,normal
0.001034,AODV,84,0,28,3,2970,Route Reply,100,22,50,1,0,8,10,6.38,1,2.37,4,7.84,normal
0.003212,AODV,84,0,28,4,3000,Route Reply,100,21,50,1,0,8,10,6.38,1,2.37,4,7.84,normal
0.003592,AODV,84,0,28,3,3000,Route Reply,100,20,51,1,0,8,10,6.38,1,2.37,4,7.84,normal
0.001229,AODV,84,0,28,5,3000,Route Reply,100,20,52,1,0,8,10,6.38,1,2.37,4,7.84,normal
0.000914,AODV,84,0,28,5,2975,Route Reply,0,21,52,1,0,8,10,6.38,1,2.37,4,7.84,normal
0.000914,AODV,84,0,28,6,2975,Route Reply,0,20,54,1,0,8,10,6.38,1,2.37,4,7.84,normal
0.000914,AODV,84,0,28,5,2993,Route Reply,0,16,52,1,0,8,10,6.38,1,2.37,4,7.84,normal
0.003356,AODV,84,0,28,0,0,Route Error,"1,0",13,66,2,0,8,10,6.38,1,2.37,4,7.84,normal
0.002938,AODV,92,0,36,0,0,Route Error,"1,1,0",16,67,2,0,8,10,6.38,1,2.37,4,7.84,normal
0.002486,AODV,76,0,20,0,0,Route Error,1,12,70,2,0,8,10,6.38,1,2.37,4,7.84,normal
0.004173,AODV,76,0,20,0,0,Route Error,0,13,77,2,0,8,10,6.38,1,2.37,4,7.84,normal
0.913485,AODV,88,10240,32,3,0,Route Request,0,3,40,1,0,4,21,14.25,4,2.85,12,21.05,normal
0.008,AODV,88,10240,32,4,0,Route Request,0,1,40,1,0,4,21,14.25,4,2.85,12,21.05,normal
0.005793,AODV,88,10240,32,0,0,Route Request,0,2,40,0,0,4,21,14.25,4,2.85,12,21.05,attack
0.00005,AODV,88,10240,32,1,0,Route Request,0,1,41,1,0,4,21,14.25,4,2.85,12,21.05,normal
0.002024,AODV,88,10240,32,2,0,Route Request,0,3,41,1,0,4,21,14.25,4,2.85,12,21.05,normal
0.001132,AODV,88,10240,32,5,0,Route Request,0,4,40,1,0,4,21,14.25,4,2.85,12,21.05,normal
0.001087,AODV,88,10240,32,2,0,Route Request,0,4,41,1,0,4,21,14.25,4,2.85,12,21.05,normal
0.001007,AODV,88,10240,32,2,0,Route Request,0,3,42,1,0,4,21,14.25,4,2.85,12,21.05,normal
0.000945,AODV,88,10240,32,5,0,Route Request,0,5,40,1,0,4,21,14.25,4,2.85,12,21.05,normal
0.001926,AODV,88,10240,32,3,0,Route Request,0,1,43,1,0,4,21,14.25,4,2.85,12,21.05,normal
0.002107,AODV,84,16384,28,1,3000,Route Reply,100,6,42,1,0,4,21,14.25,4,2.85,12,21.05,attack
0.001811,AODV,88,10240,32,1,0,Route Request,0,5,41,1,0,4,21,14.25,4,2.85,12,21.05,normal
0.001435,AODV,88,10240,32,2,0,Route Request,0,3,43,1,0,4,21,14.25,4,2.85,12,21.05,normal
0.001649,AODV,88,10240,32,4,0,Route Request,0,4,42,1,0,4,21,14.25,4,2.85,12,21.05,normal
0.001671,AODV,88,10240,32,3,0,Route Request,0,1,45,1,0,4,21,14.25,4,2.85,12,21.05,normal
0.00192,AODV,88,10240,32,4,0,Route Request,0,5,42,1,0,4,21,14.25,4,2.85,12,21.05,normal
0.000354,AODV,84,0,28,2,3000,Route Reply,100,7,47,1,0,4,21,14.25,4,2.85,12,21.05,normal
0.001786,AODV,84,16384,28,1,3000,Route Reply,100,6,43,1,0,4,21,14.25,4,2.85,12,21.05,attack
0.000947,AODV,88,10240,32,4,0,Route Request,0,4,43,1,0,4,21,14.25,4,2.85,12,21.05,normal
0.000515,AODV,84,0,28,2,3000,Route Reply,100,7,48,1,0,4,21,14.25,4,2.85,12,21.05,normal
0.000634,AODV,66,0,10,0,0,Route Reply Acknowledgment,0,6,49,2,0,4,21,14.25,4,2.85,12,21.05,normal
0.000935,AODV,84,16384,28,1,3000,Route Reply,100,6,46,1,0,4,21,14.25,4,2.85,12,21.05,attack
0.000434,AODV,66,0,10,0,0,Route Reply Acknowledgment,0,6,50,2,0,4,21,14.25,4,2.85,12,21.05,normal
0.00033,AODV,66,0,10,0,0,Route Reply Acknowledgment,0,6,51,2,0,4,21,14.25,4,2.85,12,21.05,normal
0.00041,AODV,84,0,28,2,3000,Route Reply,100,7,52,1,0,4,21,14.25,4,2.85,12,21.05,normal
0.003108,AODV,84,0,28,3,3000,Route Reply,100,8,48,1,0,4,21,14.25,4,2.85,12,21.05,normal
0.009046,AODV,84,0,28,3,3000,Route Reply,100,8,48,1,0,4,21,14.25,4,2.85,12,21.05,normal
0.001194,AODV,84,0,28,3,3000,Route Reply,100,7,51,1,0,4,21,14.25,4,2.85,12,21.05,normal
0.000354,AODV,84,0,28,4,3000,Route Reply,100,6,54,1,0,4,21,14.25,4,2.85,12,21.05,normal
0.000914,AODV,84,0,28,3,3000,Route Reply,100,9,52,1,0,4,21,14.25,4,2.85,12,21.05,normal
0.000914,AODV,84,0,28,3,3000,Route Reply,100,7,54,1,0,4,21,14.25,4,2.85,12,21.05,normal
0.000354,AODV,84,0,28,4,3000,Route Reply,100,6,55,1,0,4,21,14.25,4,2.85,12,21.05,normal
0.000914,AODV,84,0,28,5,2970,Route Reply,100,7,55,1,0,4,21,14.25,4,2.85,12,21.05,normal
0.000354,AODV,84,0,28,6,2970,Route Reply,100,6,56,1,0,4,21,14.25,4,2.85,12,21.05,normal
0.001014,AODV,84,0,28,2,2994,Route Reply,0,10,47,1,0,4,21,14.25,4,2.85,12,21.05,normal
0.001074,AODV,84,0,28,2,2975,Route Reply,0,11,49,1,0,4,21,14.25,4,2.85,12,21.05,normal
0.000354,AODV,84,0,28,3,2975,Route Reply,0,7,59,1,0,4,21,14.25,4,2.85,12,21.05,normal
0.000914,AODV,84,0,28,4,2975,Route Reply,0,9,58,1,0,4,21,14.25,4,2.85,12,21.05,normal
0.000995,AODV,84,0,28,2,2993,Route Reply,0,11,50,1,0,4,21,14.25,4,2.85,12,21.05,normal
0.000354,AODV,84,0,28,3,2993,Route Reply,0,7,60,1,0,4,21,14.25,4,2.85,12,21.05,normal
0.001014,AODV,84,0,28,4,2993,Route Reply,0,8,59,1,0,4,21,14.25,4,2.85,12,21.05,normal
0.001272,AODV,66,0,10,0,0,Route Reply Acknowledgment,0,12,51,2,0,4,21,14.25,4,2.85,12,21.05,normal
0.000891,AODV,66,0,10,0,0,Route Reply Acknowledgment,0,12,52,2,0,4,21,14.25,4,2.85,12,21.05,normal
0.001232,AODV,66,0,10,0,0,Route Reply Acknowledgment,0,12,53,2,0,4,21,14.25,4,2.85,12,21.05,normal
0.001055,AODV,84,0,28,3,3000,Route Reply,100,13,60,1,0,4,21,14.25,4,2.85,12,21.05,normal
0.010865,AODV,84,0,28,0,0,Route Error,"1,0",7,67,2,0,4,21,14.25,4,2.85,12,21.05,normal
0.000354,AODV,76,0,20,0,0,Route Error,1,6,67,2,0,4,21,14.25,4,2.85,12,21.05,normal
0.001486,AODV,76,0,20,0,0,Route Error,0,5,62,2,0,4,21,14.25,4,2.85,12,21.05,normal
0.00663,AODV,84,0,28,0,0,Route Error,"1,0",7,72,2,0,4,21,14.25,4,2.85,12,21.05,normal
0.000125,AODV,76,0,20,0,0,Route Error,1,6,72,2,0,4,21,14.25,4,2.85,12,21.05,normal
0.003881,AODV,76,0,20,0,0,Route Error,1,7,74,2,0,4,21,14.25,4,2.85,12,21.05,normal
0.00499,AODV,76,0,20,0,0,Route Error,1,6,74,2,0,4,21,14.25,4,2.85,12,21.05,normal
0.004586,AODV,84,0,28,0,0,Route Error,"1,0",7,79,2,0,4,21,14.25,4,2.85,12,21.05,normal
0.000081,AODV,76,0,20,0,0,Route Error,1,6,79,2,0,4,21,14.25,4,2.85,12,21.05,normal
0.01,AODV,76,0,20,0,0,Route Error,0,6,102,2,0,4,21,14.25,4,2.85,12,21.05,normal
0.004894,AODV,76,0,20,0,0,Route Error,0,6,111,2,0,4,21,14.25,4,2.85,12,21.05,normal
0.000851,AODV,76,0,20,0,0,Route Error,0,5,102,2,0,4,21,14.25,4,2.85,12,21.05,normal
0.001115,AODV,84,16384,28,1,3000,Route Reply,100,11,41,1,0,8,15,8.5,2,2.68,10,14.71,attack
0.001621,AODV,88,10240,32,1,0,Route Request,0,0,40,1,0,8,15,8.5,2,2.68,10,14.71,normal
0.001126,AODV,88,10240,32,0,0,Route Request,0,10,42,0,0,8,15,8.5,2,2.68,10,14.71,attack
0.001006,AODV,88,10240,32,2,0,Route Request,0,7,40,1,0,8,15,8.5,2,2.68,10,14.71,normal
0.00027,AODV,88,10240,32,2,0,Route Request,0,4,40,1,0,8,15,8.5,2,2.68,10,14.71,normal
0.001864,AODV,88,10240,32,1,0,Route Request,0,0,41,1,0,8,15,8.5,2,2.68,10,14.71,normal
0.001191,AODV,88,10240,32,3,0,Route Request,0,8,40,1,0,8,15,8.5,2,2.68,10,14.71,normal
0.003233,AODV,88,10240,32,3,0,Route Request,0,2,40,1,0,8,15,8.5,2,2.68,10,14.71,normal
0.006044,AODV,88,10240,32,1,0,Route Request,0,2,41,1,0,8,15,8.5,2,2.68,10,14.71,normal
0.000242,AODV,88,10240,32,1,0,Route Request,0,4,41,1,0,8,15,8.5,2,2.68,10,14.71,normal
0.005581,AODV,88,10240,32,2,0,Route Request,0,8,41,1,0,8,15,8.5,2,2.68,10,14.71,normal
0.005129,AODV,88,10240,32,2,0,Route Request,0,8,42,1,0,8,15,8.5,2,2.68,10,14.71,normal
0.001942,AODV,88,10240,32,1,0,Route Request,0,1,42,1,0,8,15,8.5,2,2.68,10,14.71,normal
0.000955,AODV,88,10240,32,3,0,Route Request,0,2,42,1,0,8,15,8.5,2,2.68,10,14.71,normal
0.000987,AODV,88,10240,32,2,0,Route Request,0,1,43,1,0,8,15,8.5,2,2.68,10,14.71,normal
0.000954,AODV,88,10240,32,2,0,Route Request,0,0,42,1,0,8,15,8.5,2,2.68,10,14.71,normal
0.001402,AODV,88,10240,32,3,0,Route Request,0,9,42,1,0,8,15,8.5,2,2.68,10,14.71,normal
0.001993,AODV,88,10240,32,2,0,Route Request,0,8,43,1,0,8,15,8.5,2,2.68,10,14.71,normal
0.001835,AODV,88,10240,32,3,0,Route Request,0,2,43,1,0,8,15,8.5,2,2.68,10,14.71,normal
0.001476,AODV,88,10240,32,2,0,Route Request,0,4,42,1,0,8,15,8.5,2,2.68,10,14.71,normal
0.001983,AODV,88,10240,32,1,0,Route Request,0,7,42,1,0,8,15,8.5,2,2.68,10,14.71,normal
0.000914,AODV,84,16384,28,1,3000,Route Reply,100,12,46,1,0,8,15,8.5,2,2.68,10,14.71,attack
0.00009,AODV,88,10240,32,3,0,Route Request,0,4,43,1,0,8,15,8.5,2,2.68,10,14.71,normal
0.001122,AODV,88,10240,32,3,0,Route Request,0,9,43,1,0,8,15,8.5,2,2.68,10,14.71,normal
0.002387,AODV,88,10240,32,4,0,Route Request,0,1,46,1,0,8,15,8.5,2,2.68,10,14.71,normal
0.000986,AODV,88,10240,32,1,0,Route Request,0,7,43,1,0,8,15,8.5,2,2.68,10,14.71,normal
0.00079,AODV,66,0,10,0,0,Route Reply Acknowledgment,0,13,48,2,0,8,15,8.5,2,2.68,10,14.71,normal
0.001381,AODV,88,10240,32,3,0,Route Request,0,7,44,1,0,8,15,8.5,2,2.68,10,14.71,normal
0.000994,AODV,84,0,28,3,3000,Route Reply,100,14,48,1,0,8,15,8.5,2,2.68,10,14.71,normal
0.000934,AODV,84,0,28,4,3000,Route Reply,100,13,49,1,0,8,15,8.5,2,2.68,10,14.71,normal
0.001314,AODV,84,0,28,3,2985,Route Reply,100,15,47,1,0,8,15,8.5,2,2.68,10,14.71,normal
0.000914,AODV,84,0,28,2,3000,Route Reply,100,14,50,1,0,8,15,8.5,2,2.68,10,14.71,normal
0.001194,AODV,84,0,28,3,3000,Route Reply,100,16,51,1,0,8,15,8.5,2,2.68,10,14.71,normal
0.000955,AODV,84,0,28,2,3000,Route Reply,100,17,50,1,0,8,15,8.5,2,2.68,10,14.71,normal
0.000914,AODV,84,0,28,3,3000,Route Reply,100,18,52,1,0,8,15,8.5,2,2.68,10,14.71,normal
0.000914,AODV,84,16384,28,1,3000,Route Reply,100,19,49,1,0,8,15,8.5,2,2.68,10,14.71,attack
0.001176,AODV,66,0,10,0,0,Route Reply Acknowledgment,0,17,51,2,0,8,15,8.5,2,2.68,10,14.71,normal
0.001084,AODV,66,0,10,0,0,Route Reply Acknowledgment,0,12,52,2,0,8,15,8.5,2,2.68,10,14.71,normal
0.000974,AODV,84,0,28,4,5279,Route Reply,1,20,48,1,0,8,15,8.5,2,2.68,10,14.71,normal
0.000811,AODV,66,0,10,0,0,Route Reply Acknowledgment,0,21,48,2,0,8,15,8.5,2,2.68,10,14.71,normal
0.001308,AODV,84,0,28,2,3000,Route Reply,100,12,53,1,0,8,15,8.5,2,2.68,10,14.71,normal
0.000995,AODV,84,0,28,4,2985,Route Reply,100,17,54,1,0,8,15,8.5,2,2.68,10,14.71,normal
0.000914,AODV,84,0,28,2,3000,Route Reply,100,22,49,1,0,8,15,8.5,2,2.68,10,14.71,normal
0.001034,AODV,84,0,28,3,2970,Route Reply,100,23,50,1,0,8,15,8.5,2,2.68,10,14.71,normal
0.00132,AODV,84,0,28,4,3000,Route Reply,100,22,50,1,0,8,15,8.5,2,2.68,10,14.71,normal
0.000394,AODV,84,0,28,2,3000,Route Reply,100,24,48,1,0,8,15,8.5,2,2.68,10,14.71,normal
0.000914,AODV,84,0,28,3,3000,Route Reply,100,16,54,1,0,8,15,8.5,2,2.68,10,14.71,normal
0.001095,AODV,84,0,28,3,3000,Route Reply,100,20,51,1,0,8,15,8.5,2,2.68,10,14.71,normal
0.001229,AODV,84,0,28,5,3000,Route Reply,100,20,52,1,0,8,15,8.5,2,2.68,10,14.71,normal
0.000525,AODV,84,0,28,4,2970,Route Reply,100,24,49,1,0,8,15,8.5,2,2.68,10,14.71,normal
0.000914,AODV,84,0,28,5,2970,Route Reply,100,16,55,1,0,8,15,8.5,2,2.68,10,14.71,normal
0.001719,AODV,66,0,10,0,0,Route Reply Acknowledgment,0,19,50,2,0,8,15,8.5,2,2.68,10,14.71,normal
0.000914,AODV,84,0,28,5,2975,Route Reply,0,22,52,1,0,8,15,8.5,2,2.68,10,14.71,normal
0.000914,AODV,84,0,28,6,2975,Route Reply,0,20,54,1,0,8,15,8.5,2,2.68,10,14.71,normal
0.001095,AODV,84,0,28,4,2993,Route Reply,0,14,59,1,0,8,15,8.5,2,2.68,10,14.71,normal
0.000914,AODV,84,0,28,5,2993,Route Reply,0,13,52,1,0,8,15,8.5,2,2.68,10,14.71,normal
0.001312,AODV,84,0,28,3,3000,Route Reply,100,24,60,1,0,8,15,8.5,2,2.68,10,14.71,normal
0.000354,AODV,84,0,28,4,3000,Route Reply,100,19,53,1,0,8,15,8.5,2,2.68,10,14.71,normal
0.014658,AODV,84,0,28,0,0,Route Error,"1,0",16,67,2,0,8,15,8.5,2,2.68,10,14.71,normal
0.007022,AODV,84,0,28,0,0,Route Error,"1,0",16,72,2,0,8,15,8.5,2,2.68,10,14.71,normal
0.002857,AODV,84,0,28,0,0,Route Error,1100,4,65,2,0,8,15,8.5,2,2.68,10,14.71,normal
0.006665,AODV,76,0,20,0,0,Route Error,1,16,74,2,0,8,15,8.5,2,2.68,10,14.71,normal
0.003357,AODV,84,0,28,0,0,Route Error,"1,0",21,66,2,0,8,15,8.5,2,2.68,10,14.71,normal
0.003208,AODV,92,0,36,0,0,Route Error,"1,1,0",13,67,2,0,8,15,8.5,2,2.68,10,14.71,normal
0.002488,AODV,84,0,28,0,0,Route Error,"1,0",16,79,2,0,8,15,8.5,2,2.68,10,14.71,normal
0.003309,AODV,76,0,20,0,0,Route Error,0,21,77,2,0,8,15,8.5,2,2.68,10,14.71,normal
0.009782,AODV,76,0,20,0,0,Route Error,0,26,102,2,0,8,15,8.5,2,2.68,10,14.71,normal
0.000851,AODV,76,0,20,0,0,Route Error,0,26,111,2,0,8,15,8.5,2,2.68,10,14.71,normal
0.004868,AODV,88,10240,32,2,0,Route Request,0,5,40,1,0,10,15,6.7,1,2.69,8,11.94,normal
0.001167,AODV,88,10240,32,2,0,Route Request,0,4,40,1,0,10,15,6.7,1,2.69,8,11.94,normal
0.001192,AODV,88,10240,32,3,0,Route Request,0,6,40,1,0,10,15,6.7,1,2.69,8,11.94,normal
0.001147,AODV,88,10240,32,0,0,Route Request,0,8,41,0,0,10,15,6.7,1,2.69,8,11.94,attack
0.000947,AODV,88,10240,32,1,0,Route Request,0,9,40,1,0,10,15,6.7,1,2.69,8,11.94,normal
0.00095,AODV,88,10240,32,1,0,Route Request,0,10,40,1,0,10,15,6.7,1,2.69,8,11.94,normal
0.000059,AODV,88,10240,32,3,0,Route Request,0,2,40,1,0,10,15,6.7,1,2.69,8,11.94,normal
0.002143,AODV,88,10240,32,4,0,Route Request,0,10,41,1,0,10,15,6.7,1,2.69,8,11.94,normal
0.001546,AODV,88,10240,32,4,0,Route Request,0,9,41,1,0,10,15,6.7,1,2.69,8,11.94,normal
0.002355,AODV,88,10240,32,1,0,Route Request,0,2,41,1,0,10,15,6.7,1,2.69,8,11.94,normal
0.00672,AODV,88,10240,32,2,0,Route Request,0,6,41,1,0,10,15,6.7,1,2.69,8,11.94,normal
0.004374,AODV,88,10240,32,2,0,Route Request,0,6,42,1,0,10,15,6.7,1,2.69,8,11.94,normal
0.001106,AODV,88,10240,32,1,0,Route Request,0,1,42,1,0,10,15,6.7,1,2.69,8,11.94,normal
0.000059,AODV,88,10240,32,3,0,Route Request,0,2,42,1,0,10,15,6.7,1,2.69,8,11.94,normal
0.001883,AODV,88,10240,32,2,0,Route Request,0,1,43,1,0,10,15,6.7,1,2.69,8,11.94,normal
0.002356,AODV,88,10240,32,3,0,Route Request,0,7,42,1,0,10,15,6.7,1,2.69,8,11.94,normal
0.001007,AODV,88,10240,32,1,0,Route Request,0,3,41,1,0,10,15,6.7,1,2.69,8,11.94,normal
0.000987,AODV,88,10240,32,2,0,Route Request,0,6,43,1,0,10,15,6.7,1,2.69,8,11.94,normal
0.001088,AODV,88,10240,32,4,0,Route Request,0,10,42,1,0,10,15,6.7,1,2.69,8,11.94,normal
0.001508,AODV,88,10240,32,3,0,Route Request,0,2,43,1,0,10,15,6.7,1,2.69,8,11.94,normal
0.000914,AODV,84,16384,28,1,3000,Route Reply,100,11,44,1,0,10,15,6.7,1,2.69,8,11.94,attack
0.000947,AODV,88,10240,32,4,0,Route Request,0,9,42,1,0,10,15,6.7,1,2.69,8,11.94,normal
0.001167,AODV,88,10240,32,1,0,Route Request,0,3,42,1,0,10,15,6.7,1,2.69,8,11.94,normal
0.000967,AODV,88,10240,32,4,0,Route Request,0,10,43,1,0,10,15,6.7,1,2.69,8,11.94,normal
0.000967,AODV,88,10240,32,2,0,Route Request,0,4,42,1,0,10,15,6.7,1,2.69,8,11.94,normal
0.001086,AODV,88,10240,32,1,0,Route Request,0,5,42,1,0,10,15,6.7,1,2.69,8,11.94,normal
0.001087,AODV,88,10240,32,3,0,Route Request,0,4,43,1,0,10,15,6.7,1,2.69,8,11.94,normal
0.003349,AODV,84,16384,28,1,3000,Route Reply,100,12,46,1,0,10,15,6.7,1,2.69,8,11.94,attack
0.001121,AODV,88,10240,32,3,0,Route Request,0,7,43,1,0,10,15,6.7,1,2.69,8,11.94,normal
0.001095,AODV,84,16384,28,1,3000,Route Reply,100,13,47,1,0,10,15,6.7,1,2.69,8,11.94,attack
0.000988,AODV,88,10240,32,4,0,Route Request,0,3,43,1,0,10,15,6.7,1,2.69,8,11.94,normal
0.001126,AODV,88,10240,32,4,0,Route Request,0,1,46,1,0,10,15,6.7,1,2.69,8,11.94,normal
0.001291,AODV,88,10240,32,1,0,Route Request,0,5,43,1,0,10,15,6.7,1,2.69,8,11.94,normal
0.00007,AODV,66,0,10,0,0,Route Reply Acknowledgment,0,13,48,2,0,10,15,6.7,1,2.69,8,11.94,normal
0.001066,AODV,88,10240,32,3,0,Route Request,0,5,44,1,0,10,15,6.7,1,2.69,8,11.94,normal
0.000995,AODV,84,0,28,3,3000,Route Reply,100,14,48,1,0,10,15,6.7,1,2.69,8,11.94,normal
0.000374,AODV,84,0,28,4,3000,Route Reply,100,13,49,1,0,10,15,6.7,1,2.69,8,11.94,normal
0.000354,AODV,84,0,28,2,3000,Route Reply,100,14,50,1,0,10,15,6.7,1,2.69,8,11.94,normal
0.001194,AODV,84,0,28,3,3000,Route Reply,100,15,51,1,0,10,15,6.7,1,2.69,8,11.94,normal
0.000954,AODV,84,0,28,2,3000,Route Reply,100,12,50,1,0,10,15,6.7,1,2.69,8,11.94,normal
0.000914,AODV,84,0,28,3,3000,Route Reply,100,16,52,1,0,10,15,6.7,1,2.69,8,11.94,normal
0.000871,AODV,66,0,10,0,0,Route Reply Acknowledgment,0,12,51,2,0,10,15,6.7,1,2.69,8,11.94,normal
0.00077,AODV,66,0,10,0,0,Route Reply Acknowledgment,0,17,52,2,0,10,15,6.7,1,2.69,8,11.94,normal
0.003642,AODV,66,0,10,0,0,Route Reply Acknowledgment,0,11,48,2,0,10,15,6.7,1,2.69,8,11.94,normal
0.000994,AODV,84,0,28,2,3000,Route Reply,100,17,53,1,0,10,15,6.7,1,2.69,8,11.94,normal
0.00131,AODV,84,0,28,4,2985,Route Reply,100,12,54,1,0,10,15,6.7,1,2.69,8,11.94,normal
0.000914,AODV,84,0,28,2,3000,Route Reply,100,18,49,1,0,10,15,6.7,1,2.69,8,11.94,normal
0.001014,AODV,84,0,28,4,3000,Route Reply,100,18,50,1,0,10,15,6.7,1,2.69,8,11.94,normal
0.000954,AODV,84,0,28,2,3000,Route Reply,100,19,48,1,0,10,15,6.7,1,2.69,8,11.94,normal
0.000914,AODV,84,0,28,3,3000,Route Reply,100,15,54,1,0,10,15,6.7,1,2.69,8,11.94,normal
0.003714,AODV,84,0,28,4,2970,Route Reply,100,19,49,1,0,10,15,6.7,1,2.69,8,11.94,normal
0.000914,AODV,84,0,28,5,2970,Route Reply,100,15,55,1,0,10,15,6.7,1,2.69,8,11.94,normal
0.00244,AODV,66,0,10,0,0,Route Reply Acknowledgment,0,20,50,2,0,10,15,6.7,1,2.69,8,11.94,normal
0.000914,AODV,84,0,28,4,2975,Route Reply,0,16,58,1,0,10,15,6.7,1,2.69,8,11.94,normal
0.000914,AODV,84,0,28,5,2975,Route Reply,0,18,52,1,0,10,15,6.7,1,2.69,8,11.94,normal
0.001014,AODV,84,0,28,4,2993,Route Reply,0,14,59,1,0,10,15,6.7,1,2.69,8,11.94,normal
0.000354,AODV,84,0,28,5,2993,Route Reply,0,13,52,1,0,10,15,6.7,1,2.69,8,11.94,normal
0.001312,AODV,84,0,28,3,3000,Route Reply,100,19,60,1,0,10,15,6.7,1,2.69,8,11.94,normal
0.000914,AODV,84,0,28,4,3000,Route Reply,100,20,53,1,0,10,15,6.7,1,2.69,8,11.94,normal
0.014659,AODV,84,0,28,0,0,Route Error,"1,0",15,67,2,0,10,15,6.7,1,2.69,8,11.94,normal
0.007021,AODV,84,0,28,0,0,Route Error,"1,0",15,72,2,0,10,15,6.7,1,2.69,8,11.94,normal
0.001472,AODV,84,0,28,0,0,Route Error,1100,4,65,2,0,10,15,6.7,1,2.69,8,11.94,normal
0.0058,AODV,76,0,20,0,0,Route Error,1,15,74,2,0,10,15,6.7,1,2.69,8,11.94,normal
0.004222,AODV,84,0,28,0,0,Route Error,"1,0",11,66,2,0,10,15,6.7,1,2.69,8,11.94,normal
0.00009,AODV,92,0,36,0,0,Route Error,"1,1,0",13,67,2,0,10,15,6.7,1,2.69,8,11.94,normal
0.003308,AODV,76,0,20,0,0,Route Error,0,11,77,2,0,10,15,6.7,1,2.69,8,11.94,normal
0.001767,AODV,76,0,20,0,0,Route Error,0,23,102,2,0,10,15,6.7,1,2.69,8,11.94,normal
0.916453,AODV,88,10240,32,2,0,Route Request,0,7,40,1,0,5,18,12.4,2,2.91,9,14.52,normal
0.001166,AODV,88,10240,32,2,0,Route Request,0,4,40,1,0,5,18,12.4,2,2.91,9,14.52,normal
0.002834,AODV,88,10240,32,3,0,Route Request,0,8,40,1,0,5,18,12.4,2,2.91,9,14.52,normal
0.004896,AODV,88,10240,32,3,0,Route Request,0,1,40,1,0,5,18,12.4,2,2.91,9,14.52,normal
0.004897,AODV,88,10240,32,4,0,Route Request,0,5,40,1,0,5,18,12.4,2,2.91,9,14.52,normal
0.001147,AODV,88,10240,32,1,0,Route Request,0,1,41,1,0,5,18,12.4,2,2.91,9,14.52,normal
0.001139,AODV,88,10240,32,1,0,Route Request,0,4,41,1,0,5,18,12.4,2,2.91,9,14.52,normal
0.003557,AODV,88,10240,32,1,0,Route Request,0,5,41,1,0,5,18,12.4,2,2.91,9,14.52,normal
0.00023,AODV,88,10240,32,2,0,Route Request,0,8,41,1,0,5,18,12.4,2,2.91,9,14.52,normal
0.001512,AODV,88,10240,32,2,0,Route Request,0,8,42,1,0,5,18,12.4,2,2.91,9,14.52,normal
0.003793,AODV,88,10240,32,3,0,Route Request,0,1,42,1,0,5,18,12.4,2,2.91,9,14.52,normal
0.000947,AODV,88,10240,32,3,0,Route Request,0,9,42,1,0,5,18,12.4,2,2.91,9,14.52,normal
0.001098,AODV,88,10240,32,2,0,Route Request,0,8,43,1,0,5,18,12.4,2,2.91,9,14.52,normal
0.000947,AODV,88,10240,32,3,0,Route Request,0,1,43,1,0,5,18,12.4,2,2.91,9,14.52,normal
0.000915,AODV,88,10240,32,3,0,Route Request,0,5,45,1,0,5,18,12.4,2,2.91,9,14.52,normal
0.000914,AODV,84,0,28,2,3000,Route Reply,100,12,47,1,0,5,18,12.4,2,2.91,9,14.52,normal
0.002678,AODV,88,10240,32,2,0,Route Request,0,4,42,1,0,5,18,12.4,2,2.91,9,14.52,normal
0.001087,AODV,88,10240,32,1,0,Route Request,0,7,42,1,0,5,18,12.4,2,2.91,9,14.52,normal
0.001922,AODV,84,0,28,2,3000,Route Reply,100,12,48,1,0,5,18,12.4,2,2.91,9,14.52,normal
0.001392,AODV,88,10240,32,3,0,Route Request,0,4,43,1,0,5,18,12.4,2,2.91,9,14.52,normal
0.001212,AODV,66,0,10,0,0,Route Reply Acknowledgment,0,13,49,2,0,5,18,12.4,2,2.91,9,14.52,normal
0.00085,AODV,66,0,10,0,0,Route Reply Acknowledgment,0,13,50,2,0,5,18,12.4,2,2.91,9,14.52,normal
0.001365,AODV,66,0,10,0,0,Route Reply Acknowledgment,0,13,51,2,0,5,18,12.4,2,2.91,9,14.52,normal
0.001321,AODV,88,10240,32,3,0,Route Request,0,9,43,1,0,5,18,12.4,2,2.91,9,14.52,normal
0.00198,AODV,84,0,28,2,3000,Route Reply,100,12,52,1,0,5,18,12.4,2,2.91,9,14.52,normal
0.002948,AODV,84,0,28,3,3000,Route Reply,100,14,48,1,0,5,18,12.4,2,2.91,9,14.52,normal
0.000986,AODV,88,10240,32,1,0,Route Request,0,7,43,1,0,5,18,12.4,2,2.91,9,14.52,normal
0.00079,AODV,66,0,10,0,0,Route Reply Acknowledgment,0,15,48,2,0,5,18,12.4,2,2.91,9,14.52,normal
0.001381,AODV,88,10240,32,3,0,Route Request,0,7,44,1,0,5,18,12.4,2,2.91,9,14.52,normal
0.001025,AODV,84,0,28,3,3000,Route Reply,100,14,48,1,0,5,18,12.4,2,2.91,9,14.52,normal
0.000934,AODV,84,0,28,4,3000,Route Reply,100,15,49,1,0,5,18,12.4,2,2.91,9,14.52,normal
0.000914,AODV,84,0,28,2,3000,Route Reply,100,14,50,1,0,5,18,12.4,2,2.91,9,14.52,normal
0.000634,AODV,84,0,28,3,3000,Route Reply,100,12,51,1,0,5,18,12.4,2,2.91,9,14.52,normal
0.000914,AODV,84,0,28,4,3000,Route Reply,100,13,54,1,0,5,18,12.4,2,2.91,9,14.52,normal
0.000354,AODV,84,0,28,3,3000,Route Reply,100,16,52,1,0,5,18,12.4,2,2.91,9,14.52,normal
0.005598,AODV,66,0,10,0,0,Route Reply Acknowledgment,0,17,48,2,0,5,18,12.4,2,2.91,9,14.52,normal
0.000914,AODV,84,0,28,2,3000,Route Reply,100,18,49,1,0,5,18,12.4,2,2.91,9,14.52,normal
0.001015,AODV,84,0,28,4,3000,Route Reply,100,18,50,1,0,5,18,12.4,2,2.91,9,14.52,normal
0.000954,AODV,84,0,28,2,3000,Route Reply,100,19,48,1,0,5,18,12.4,2,2.91,9,14.52,normal
0.000354,AODV,84,0,28,3,3000,Route Reply,100,12,54,1,0,5,18,12.4,2,2.91,9,14.52,normal
0.000914,AODV,84,0,28,4,3000,Route Reply,100,13,55,1,0,5,18,12.4,2,2.91,9,14.52,normal
0.002484,AODV,84,0,28,4,2970,Route Reply,100,19,49,1,0,5,18,12.4,2,2.91,9,14.52,normal
0.000354,AODV,84,0,28,5,2970,Route Reply,100,12,55,1,0,5,18,12.4,2,2.91,9,14.52,normal
0.000914,AODV,84,0,28,6,2970,Route Reply,100,13,56,1,0,5,18,12.4,2,2.91,9,14.52,normal
0.001211,AODV,66,0,10,0,0,Route Reply Acknowledgment,0,20,50,2,0,5,18,12.4,2,2.91,9,14.52,normal
0.000914,AODV,84,0,28,3,2975,Route Reply,0,12,59,1,0,5,18,12.4,2,2.91,9,14.52,normal
0.000754,AODV,84,0,28,4,2975,Route Reply,0,16,58,1,0,5,18,12.4,2,2.91,9,14.52,normal
0.000914,AODV,84,0,28,5,2975,Route Reply,0,18,52,1,0,5,18,12.4,2,2.91,9,14.52,normal
0.000995,AODV,84,0,28,3,2993,Route Reply,0,12,60,1,0,5,18,12.4,2,2.91,9,14.52,normal
0.000454,AODV,84,0,28,4,2993,Route Reply,0,14,59,1,0,5,18,12.4,2,2.91,9,14.52,normal
0.000914,AODV,84,0,28,5,2993,Route Reply,0,15,52,1,0,5,18,12.4,2,2.91,9,14.52,normal
0.001726,AODV,84,0,28,3,3000,Route Reply,100,19,60,1,0,5,18,12.4,2,2.91,9,14.52,normal
0.000914,AODV,84,0,28,4,3000,Route Reply,100,20,53,1,0,5,18,12.4,2,2.91,9,14.52,normal
0.977261,AODV,84,0,28,0,0,Route Error,"1,0",12,67,2,0,5,18,12.4,2,2.91,9,14.52,normal
0.00085,AODV,76,0,20,0,0,Route Error,1,13,67,2,0,5,18,12.4,2,2.91,9,14.52,normal
0.004901,AODV,84,0,28,0,0,Route Error,"1,0",12,72,2,0,5,18,12.4,2,2.91,9,14.52,normal
0.000926,AODV,76,0,20,0,0,Route Error,1,13,72,2,0,5,18,12.4,2,2.91,9,14.52,normal
0.003722,AODV,84,0,28,0,0,Route Error,1100,4,65,2,0,5,18,12.4,2,2.91,9,14.52,normal
0.003081,AODV,76,0,20,0,0,Route Error,1,12,74,2,0,5,18,12.4,2,2.91,9,14.52,normal
0.005486,AODV,76,0,20,0,0,Route Error,1,13,74,2,0,5,18,12.4,2,2.91,9,14.52,normal
0.002856,AODV,84,0,28,0,0,Route Error,"1,0",12,79,2,0,5,18,12.4,2,2.91,9,14.52,normal
0.000882,AODV,76,0,20,0,0,Route Error,1,13,79,2,0,5,18,12.4,2,2.91,9,14.52,normal
0.00198,AODV,84,16384,28,1,3000,Route Reply,100,12,41,1,0,9,10,6.67,1,2.41,6,10,attack
0.001621,AODV,88,10240,32,1,0,Route Request,0,0,40,1,0,9,10,6.67,1,2.41,6,10,normal
0.001126,AODV,88,10240,32,0,0,Route Request,0,11,42,0,0,9,10,6.67,1,2.41,6,10,attack
0.001006,AODV,88,10240,32,2,0,Route Request,0,7,40,1,0,9,10,6.67,1,2.41,6,10,normal
0.001167,AODV,88,10240,32,2,0,Route Request,0,5,40,1,0,9,10,6.67,1,2.41,6,10,normal
0.000967,AODV,88,10240,32,1,0,Route Request,0,0,41,1,0,9,10,6.67,1,2.41,6,10,normal
0.00234,AODV,88,10240,32,0,0,Route Request,0,6,41,0,0,9,10,6.67,1,2.41,6,10,attack
0.002853,AODV,88,10240,32,3,0,Route Request,0,2,40,1,0,9,10,6.67,1,2.41,6,10,normal
0.006044,AODV,88,10240,32,1,0,Route Request,0,2,41,1,0,9,10,6.67,1,2.41,6,10,normal
0.000242,AODV,88,10240,32,1,0,Route Request,0,1,41,1,0,9,10,6.67,1,2.41,6,10,normal
0.00021,AODV,88,10240,32,1,0,Route Request,0,1,42,1,0,9,10,6.67,1,2.41,6,10,normal
0.001852,AODV,88,10240,32,3,0,Route Request,0,2,42,1,0,9,10,6.67,1,2.41,6,10,normal
0.00009,AODV,88,10240,32,2,0,Route Request,0,1,43,1,0,9,10,6.67,1,2.41,6,10,normal
0.001851,AODV,88,10240,32,2,0,Route Request,0,0,42,1,0,9,10,6.67,1,2.41,6,10,normal
0.001401,AODV,88,10240,32,3,0,Route Request,0,9,42,1,0,9,10,6.67,1,2.41,6,10,normal
0.001007,AODV,88,10240,32,1,0,Route Request,0,4,41,1,0,9,10,6.67,1,2.41,6,10,normal
0.001835,AODV,88,10240,32,3,0,Route Request,0,2,43,1,0,9,10,6.67,1,2.41,6,10,normal
0.000914,AODV,84,16384,28,1,3000,Route Reply,100,13,44,1,0,9,10,6.67,1,2.41,6,10,attack
0.001179,AODV,88,10240,32,1,0,Route Request,0,4,42,1,0,9,10,6.67,1,2.41,6,10,normal
0.000968,AODV,88,10240,32,2,0,Route Request,0,5,42,1,0,9,10,6.67,1,2.41,6,10,normal
0.001086,AODV,88,10240,32,1,0,Route Request,0,7,42,1,0,9,10,6.67,1,2.41,6,10,normal
0.000914,AODV,84,16384,28,1,3000,Route Reply,100,14,46,1,0,9,10,6.67,1,2.41,6,10,attack
0.001292,AODV,88,10240,32,3,0,Route Request,0,5,43,1,0,9,10,6.67,1,2.41,6,10,normal
0.004124,AODV,84,16384,28,1,3000,Route Reply,100,15,46,1,0,9,10,6.67,1,2.41,6,10,attack
0.001427,AODV,88,10240,32,3,0,Route Request,0,9,43,1,0,9,10,6.67,1,2.41,6,10,normal
0.001889,AODV,84,16384,28,1,3000,Route Reply,100,16,47,1,0,9,10,6.67,1,2.41,6,10,attack
0.00126,AODV,88,10240,32,4,0,Route Request,0,4,43,1,0,9,10,6.67,1,2.41,6,10,normal
0.00023,AODV,88,10240,32,4,0,Route Request,0,1,46,1,0,9,10,6.67,1,2.41,6,10,normal
0.000986,AODV,88,10240,32,1,0,Route Request,0,7,43,1,0,9,10,6.67,1,2.41,6,10,normal
0.00079,AODV,66,0,10,0,0,Route Reply Acknowledgment,0,16,48,2,0,9,10,6.67,1,2.41,6,10,normal
0.001067,AODV,88,10240,32,3,0,Route Request,0,7,44,1,0,9,10,6.67,1,2.41,6,10,normal
0.000934,AODV,84,0,28,4,3000,Route Reply,100,16,49,1,0,9,10,6.67,1,2.41,6,10,normal
0.001619,AODV,84,0,28,3,2985,Route Reply,100,17,47,1,0,9,10,6.67,1,2.41,6,10,normal
0.000914,AODV,84,0,28,2,3000,Route Reply,100,18,50,1,0,9,10,6.67,1,2.41,6,10,normal
0.00009,AODV,84,0,28,2,3000,Route Reply,100,15,50,1,0,9,10,6.67,1,2.41,6,10,normal
0.000914,AODV,84,16384,28,1,3000,Route Reply,100,19,49,1,0,9,10,6.67,1,2.41,6,10,attack
0.00015,AODV,66,0,10,0,0,Route Reply Acknowledgment,0,15,51,2,0,9,10,6.67,1,2.41,6,10,normal
0.00005,AODV,66,0,10,0,0,Route Reply Acknowledgment,0,14,52,2,0,9,10,6.67,1,2.41,6,10,normal
0.000974,AODV,84,0,28,4,5279,Route Reply,1,20,48,1,0,9,10,6.67,1,2.41,6,10,normal
0.00081,AODV,66,0,10,0,0,Route Reply Acknowledgment,0,13,48,2,0,9,10,6.67,1,2.41,6,10,normal
0.00013,AODV,84,0,28,2,3000,Route Reply,100,14,53,1,0,9,10,6.67,1,2.41,6,10,normal
0.00013,AODV,84,0,28,4,2985,Route Reply,100,15,54,1,0,9,10,6.67,1,2.41,6,10,normal
0.000914,AODV,84,0,28,2,3000,Route Reply,100,21,49,1,0,9,10,6.67,1,2.41,6,10,normal
0.001034,AODV,84,0,28,3,2970,Route Reply,100,22,50,1,0,9,10,6.67,1,2.41,6,10,normal
0.001014,AODV,84,0,28,4,3000,Route Reply,100,21,50,1,0,9,10,6.67,1,2.41,6,10,normal
0.000954,AODV,84,0,28,2,3000,Route Reply,100,23,48,1,0,9,10,6.67,1,2.41,6,10,normal
0.002323,AODV,84,0,28,3,3000,Route Reply,100,20,51,1,0,9,10,6.67,1,2.41,6,10,normal
0.001229,AODV,84,0,28,5,3000,Route Reply,100,20,52,1,0,9,10,6.67,1,2.41,6,10,normal
0.00139,AODV,84,0,28,4,2970,Route Reply,100,23,49,1,0,9,10,6.67,1,2.41,6,10,normal
0.003668,AODV,66,0,10,0,0,Route Reply Acknowledgment,0,19,50,2,0,9,10,6.67,1,2.41,6,10,normal
0.000914,AODV,84,0,28,5,2975,Route Reply,0,21,52,1,0,9,10,6.67,1,2.41,6,10,normal
0.000914,AODV,84,0,28,6,2975,Route Reply,0,20,54,1,0,9,10,6.67,1,2.41,6,10,normal
0.000914,AODV,84,0,28,5,2993,Route Reply,0,16,52,1,0,9,10,6.67,1,2.41,6,10,normal
0.000914,AODV,84,0,28,4,3000,Route Reply,100,19,53,1,0,9,10,6.67,1,2.41,6,10,normal
0.001473,AODV,84,0,28,0,0,Route Error,1100,5,65,2,0,9,10,6.67,1,2.41,6,10,normal
0.003356,AODV,84,0,28,0,0,Route Error,"1,0",13,66,2,0,9,10,6.67,1,2.41,6,10,normal
0.002074,AODV,92,0,36,0,0,Route Error,"1,1,0",16,67,2,0,9,10,6.67,1,2.41,6,10,normal
0.007276,AODV,84,0,28,0,0,Route Error,"1,0",20,70,2,0,9,10,6.67,1,2.41,6,10,normal
0.002486,AODV,76,0,20,0,0,Route Error,1,12,70,2,0,9,10,6.67,1,2.41,6,10,normal
0.003308,AODV,76,0,20,0,0,Route Error,0,13,77,2,0,9,10,6.67,1,2.41,6,10,normal
0.906032,AODV,88,10240,32,0,0,Route Request,0,8,40,0,0,6,11,9,4,2.49,3,5.56,normal
0.001114,AODV,84,16384,28,1,3000,Route Reply,100,10,41,1,0,6,11,9,4,2.49,3,5.56,attack
0.00041,AODV,88,10240,32,1,0,Route Request,0,0,40,1,0,6,11,9,4,2.49,3,5.56,normal
0.002022,AODV,88,10240,32,0,0,Route Request,0,6,42,0,0,6,11,9,4,2.49,3,5.56,attack
0.001008,AODV,88,10240,32,2,0,Route Request,0,7,40,1,0,6,11,9,4,2.49,3,5.56,normal
0.001166,AODV,88,10240,32,2,0,Route Request,0,4,40,1,0,6,11,9,4,2.49,3,5.56,normal
0.00007,AODV,88,10240,32,1,0,Route Request,0,0,41,1,0,6,11,9,4,2.49,3,5.56,normal
0.00133,AODV,66,0,10,0,0,Route Reply Acknowledgment,0,10,43,2,0,6,11,9,4,2.49,3,5.56,normal
0.009154,UDP,1104,0,1048,0,0,0,0,11,44,2,0,6,11,9,4,2.49,3,5.56,normal
0.000947,AODV,88,10240,32,2,0,Route Request,0,3,40,1,0,6,11,9,4,2.49,3,5.56,normal
0.009076,UDP,1104,0,1048,0,0,0,0,11,45,2,0,6,11,9,4,2.49,3,5.56,normal
0.002366,AODV,88,10240,32,1,0,Route Request,0,1,42,1,0,6,11,9,4,2.49,3,5.56,normal
0.001941,AODV,88,10240,32,2,0,Route Request,0,1,43,1,0,6,11,9,4,2.49,3,5.56,normal
0.000059,AODV,88,10240,32,2,0,Route Request,0,0,42,1,0,6,11,9,4,2.49,3,5.56,normal
0.001811,AODV,84,0,28,3,5359,Route Reply,1,10,46,1,0,6,11,9,4,2.49,3,5.56,normal
0.001179,AODV,88,10240,32,1,0,Route Request,0,3,41,1,0,6,11,9,4,2.49,3,5.56,normal
0.000914,AODV,84,0,28,2,2985,Route Reply,100,12,48,1,0,6,11,9,4,2.49,3,5.56,normal
0.00118,AODV,88,10240,32,1,0,Route Request,0,3,42,1,0,6,11,9,4,2.49,3,5.56,normal
0.00275,AODV,88,10240,32,2,0,Route Request,0,4,42,1,0,6,11,9,4,2.49,3,5.56,normal
0.001087,AODV,88,10240,32,1,0,Route Request,0,7,42,1,0,6,11,9,4,2.49,3,5.56,normal
0.000914,AODV,84,16384,28,1,3000,Route Reply,100,13,46,1,0,6,11,9,4,2.49,3,5.56,attack
0.000987,AODV,88,10240,32,3,0,Route Request,0,4,43,1,0,6,11,9,4,2.49,3,5.56,normal
0.010359,UDP,1104,0,1048,0,0,0,0,11,49,2,0,6,11,9,4,2.49,3,5.56,normal
0.001261,AODV,88,10240,32,4,0,Route Request,0,3,43,1,0,6,11,9,4,2.49,3,5.56,normal
0.001127,AODV,88,10240,32,4,0,Route Request,0,1,46,1,0,6,11,9,4,2.49,3,5.56,normal
0.003253,AODV,88,10240,32,1,0,Route Request,0,7,43,1,0,6,11,9,4,2.49,3,5.56,normal
0.002171,AODV,88,10240,32,3,0,Route Request,0,7,44,1,0,6,11,9,4,2.49,3,5.56,normal
0.00138,AODV,84,0,28,3,2985,Route Reply,100,14,47,1,0,6,11,9,4,2.49,3,5.56,normal
0.00045,AODV,84,0,28,3,2985,Route Reply,100,14,47,1,0,6,11,9,4,2.49,3,5.56,normal
0.009495,UDP,1104,0,1048,0,0,0,0,11,51,2,0,6,11,9,4,2.49,3,5.56,normal
0.000955,AODV,84,0,28,2,3000,Route Reply,100,15,50,1,0,6,11,9,4,2.49,3,5.56,normal
0.000914,AODV,84,16384,28,1,3000,Route Reply,100,16,49,1,0,6,11,9,4,2.49,3,5.56,attack
0.000871,AODV,66,0,10,0,0,Route Reply Acknowledgment,0,15,51,2,0,6,11,9,4,2.49,3,5.56,normal
0.001084,AODV,66,0,10,0,0,Route Reply Acknowledgment,0,13,52,2,0,6,11,9,4,2.49,3,5.56,normal
0.00011,AODV,84,0,28,4,5279,Route Reply,1,12,48,1,0,6,11,9,4,2.49,3,5.56,normal
0.000914,AODV,84,0,28,5,5279,Route Reply,1,10,52,1,0,6,11,9,4,2.49,3,5.56,normal
0.000812,AODV,66,0,10,0,0,Route Reply Acknowledgment,0,17,48,2,0,6,11,9,4,2.49,3,5.56,normal
0.001308,AODV,84,0,28,2,3000,Route Reply,100,13,53,1,0,6,11,9,4,2.49,3,5.56,normal
0.000995,AODV,84,0,28,4,2985,Route Reply,100,15,54,1,0,6,11,9,4,2.49,3,5.56,normal
0.000914,AODV,84,0,28,2,3000,Route Reply,100,18,49,1,0,6,11,9,4,2.49,3,5.56,normal
0.000474,AODV,84,0,28,3,2970,Route Reply,100,19,50,1,0,6,11,9,4,2.49,3,5.56,normal
0.001015,AODV,84,0,28,4,3000,Route Reply,100,18,50,1,0,6,11,9,4,2.49,3,5.56,normal
0.009379,UDP,1104,0,1048,0,0,0,0,11,53,2,0,6,11,9,4,2.49,3,5.56,normal
0.000954,AODV,84,0,28,2,3000,Route Reply,100,20,48,1,0,6,11,9,4,2.49,3,5.56,normal
0.001459,AODV,84,0,28,3,3000,Route Reply,100,12,51,1,0,6,11,9,4,2.49,3,5.56,normal
0.00005,AODV,84,0,28,5,3000,Route Reply,100,12,52,1,0,6,11,9,4,2.49,3,5.56,normal
0.001076,AODV,84,0,28,4,2970,Route Reply,100,20,49,1,0,6,11,9,4,2.49,3,5.56,normal
0.003668,AODV,66,0,10,0,0,Route Reply Acknowledgment,0,16,50,2,0,6,11,9,4,2.49,3,5.56,normal
0.000914,AODV,84,0,28,5,2975,Route Reply,0,18,52,1,0,6,11,9,4,2.49,3,5.56,normal
0.000354,AODV,84,0,28,6,2975,Route Reply,0,12,54,1,0,6,11,9,4,2.49,3,5.56,normal
0.000914,AODV,84,0,28,4,3000,Route Reply,100,16,53,1,0,6,11,9,4,2.49,3,5.56,normal
0.001472,AODV,84,0,28,0,0,Route Error,1100,4,65,2,0,6,11,9,4,2.49,3,5.56,normal
0.005548,AODV,84,0,28,0,0,Route Error,"1,0",12,70,2,0,6,11,9,4,2.49,3,5.56,normal
0.002486,AODV,76,0,20,0,0,Route Error,1,10,70,2,0,6,11,9,4,2.49,3,5.56,normal
0.001115,AODV,84,16384,28,1,3000,Route Reply,100,12,41,1,0,9,12,7.67,2,2.57,4,5.8,attack
0.001621,AODV,88,10240,32,1,0,Route Request,0,0,40,1,0,9,12,7.67,2,2.57,4,5.8,normal
0.001126,AODV,88,10240,32,0,0,Route Request,0,11,42,0,0,9,12,7.67,2,2.57,4,5.8,attack
0.00011,AODV,88,10240,32,2,0,Route Request,0,7,40,1,0,9,12,7.67,2,2.57,4,5.8,normal
0.002063,AODV,88,10240,32,2,0,Route Request,0,5,40,1,0,9,12,7.67,2,2.57,4,5.8,normal
0.000967,AODV,88,10240,32,1,0,Route Request,0,0,41,1,0,9,12,7.67,2,2.57,4,5.8,normal
0.001192,AODV,88,10240,32,3,0,Route Request,0,8,40,1,0,9,12,7.67,2,2.57,4,5.8,normal
0.001147,AODV,88,10240,32,0,0,Route Request,0,6,41,0,0,9,12,7.67,2,2.57,4,5.8,attack
0.002852,AODV,88,10240,32,3,0,Route Request,0,2,40,1,0,9,12,7.67,2,2.57,4,5.8,normal
0.006044,AODV,88,10240,32,1,0,Route Request,0,2,41,1,0,9,12,7.67,2,2.57,4,5.8,normal
0.005581,AODV,88,10240,32,2,0,Route Request,0,8,41,1,0,9,12,7.67,2,2.57,4,5.8,normal
0.004375,AODV,88,10240,32,2,0,Route Request,0,8,42,1,0,9,12,7.67,2,2.57,4,5.8,normal
0.001106,AODV,88,10240,32,1,0,Route Request,0,1,42,1,0,9,12,7.67,2,2.57,4,5.8,normal
0.000956,AODV,88,10240,32,3,0,Route Request,0,2,42,1,0,9,12,7.67,2,2.57,4,5.8,normal
0.000986,AODV,88,10240,32,2,0,Route Request,0,1,43,1,0,9,12,7.67,2,2.57,4,5.8,normal
0.000955,AODV,88,10240,32,2,0,Route Request,0,0,42,1,0,9,12,7.67,2,2.57,4,5.8,normal
0.001401,AODV,88,10240,32,3,0,Route Request,0,9,42,1,0,9,12,7.67,2,2.57,4,5.8,normal
0.001007,AODV,88,10240,32,1,0,Route Request,0,4,41,1,0,9,12,7.67,2,2.57,4,5.8,normal
0.000988,AODV,88,10240,32,2,0,Route Request,0,8,43,1,0,9,12,7.67,2,2.57,4,5.8,normal
0.001835,AODV,88,10240,32,3,0,Route Request,0,2,43,1,0,9,12,7.67,2,2.57,4,5.8,normal
0.000914,AODV,84,16384,28,1,3000,Route Reply,100,13,44,1,0,9,12,7.67,2,2.57,4,5.8,attack
0.00118,AODV,88,10240,32,1,0,Route Request,0,4,42,1,0,9,12,7.67,2,2.57,4,5.8,normal
0.000967,AODV,88,10240,32,2,0,Route Request,0,5,42,1,0,9,12,7.67,2,2.57,4,5.8,normal
0.00019,AODV,88,10240,32,1,0,Route Request,0,7,42,1,0,9,12,7.67,2,2.57,4,5.8,normal
0.000914,AODV,84,16384,28,1,3000,Route Reply,100,14,46,1,0,9,12,7.67,2,2.57,4,5.8,attack
0.000987,AODV,88,10240,32,3,0,Route Request,0,5,43,1,0,9,12,7.67,2,2.57,4,5.8,normal
0.003349,AODV,84,16384,28,1,3000,Route Reply,100,15,46,1,0,9,12,7.67,2,2.57,4,5.8,attack
0.001123,AODV,88,10240,32,3,0,Route Request,0,9,43,1,0,9,12,7.67,2,2.57,4,5.8,normal
0.001095,AODV,84,16384,28,1,3000,Route Reply,100,16,47,1,0,9,12,7.67,2,2.57,4,5.8,attack
0.001261,AODV,88,10240,32,4,0,Route Request,0,4,43,1,0,9,12,7.67,2,2.57,4,5.8,normal
0.001126,AODV,88,10240,32,4,0,Route Request,0,1,46,1,0,9,12,7.67,2,2.57,4,5.8,normal
0.00009,AODV,88,10240,32,1,0,Route Request,0,7,43,1,0,9,12,7.67,2,2.57,4,5.8,normal
0.001687,AODV,66,0,10,0,0,Route Reply Acknowledgment,0,16,48,2,0,9,12,7.67,2,2.57,4,5.8,normal
0.00017,AODV,88,10240,32,3,0,Route Request,0,7,44,1,0,9,12,7.67,2,2.57,4,5.8,normal
0.000996,AODV,84,0,28,3,3000,Route Reply,100,17,48,1,0,9,12,7.67,2,2.57,4,5.8,normal
0.000934,AODV,84,0,28,4,3000,Route Reply,100,16,49,1,0,9,12,7.67,2,2.57,4,5.8,normal
0.001315,AODV,84,0,28,3,2985,Route Reply,100,18,47,1,0,9,12,7.67,2,2.57,4,5.8,normal
0.000914,AODV,84,0,28,2,3000,Route Reply,100,17,50,1,0,9,12,7.67,2,2.57,4,5.8,normal
0.001194,AODV,84,0,28,3,3000,Route Reply,100,19,51,1,0,9,12,7.67,2,2.57,4,5.8,normal
0.001258,AODV,84,0,28,2,3000,Route Reply,100,15,50,1,0,9,12,7.67,2,2.57,4,5.8,normal
0.000914,AODV,84,0,28,3,3000,Route Reply,100,20,52,1,0,9,12,7.67,2,2.57,4,5.8,normal
0.000914,AODV,84,16384,28,1,3000,Route Reply,100,21,49,1,0,9,12,7.67,2,2.57,4,5.8,attack
0.00087,AODV,66,0,10,0,0,Route Reply Acknowledgment,0,15,51,2,0,9,12,7.67,2,2.57,4,5.8,normal
0.00077,AODV,66,0,10,0,0,Route Reply Acknowledgment,0,14,52,2,0,9,12,7.67,2,2.57,4,5.8,normal
0.000974,AODV,84,0,28,4,5279,Route Reply,1,22,48,1,0,9,12,7.67,2,2.57,4,5.8,normal
0.00009,AODV,66,0,10,0,0,Route Reply Acknowledgment,0,13,48,2,0,9,12,7.67,2,2.57,4,5.8,normal
0.000994,AODV,84,0,28,2,3000,Route Reply,100,14,53,1,0,9,12,7.67,2,2.57,4,5.8,normal
0.000994,AODV,84,0,28,4,2985,Route Reply,100,15,54,1,0,9,12,7.67,2,2.57,4,5.8,normal
0.000354,AODV,84,0,28,2,3000,Route Reply,100,23,49,1,0,9,12,7.67,2,2.57,4,5.8,normal
0.001034,AODV,84,0,28,3,2970,Route Reply,100,24,50,1,0,9,12,7.67,2,2.57,4,5.8,normal
0.00015,AODV,84,0,28,4,3000,Route Reply,100,23,50,1,0,9,12,7.67,2,2.57,4,5.8,normal
0.000954,AODV,84,0,28,2,3000,Route Reply,100,25,48,1,0,9,12,7.67,2,2.57,4,5.8,normal
0.000914,AODV,84,0,28,3,3000,Route Reply,100,19,54,1,0,9,12,7.67,2,2.57,4,5.8,normal
0.001095,AODV,84,0,28,3,3000,Route Reply,100,22,51,1,0,9,12,7.67,2,2.57,4,5.8,normal
0.001229,AODV,84,0,28,5,3000,Route Reply,100,22,52,1,0,9,12,7.67,2,2.57,4,5.8,normal
0.00139,AODV,84,0,28,4,2970,Route Reply,100,25,49,1,0,9,12,7.67,2,2.57,4,5.8,normal
0.000914,AODV,84,0,28,5,2970,Route Reply,100,19,55,1,0,9,12,7.67,2,2.57,4,5.8,normal
0.00244,AODV,66,0,10,0,0,Route Reply Acknowledgment,0,21,50,2,0,9,12,7.67,2,2.57,4,5.8,normal
0.000914,AODV,84,0,28,4,2975,Route Reply,0,20,58,1,0,9,12,7.67,2,2.57,4,5.8,normal
0.000354,AODV,84,0,28,5,2975,Route Reply,0,23,52,1,0,9,12,7.67,2,2.57,4,5.8,normal
0.000914,AODV,84,0,28,6,2975,Route Reply,0,22,54,1,0,9,12,7.67,2,2.57,4,5.8,normal
0.001096,AODV,84,0,28,4,2993,Route Reply,0,17,59,1,0,9,12,7.67,2,2.57,4,5.8,normal
0.000914,AODV,84,0,28,5,2993,Route Reply,0,16,52,1,0,9,12,7.67,2,2.57,4,5.8,normal
0.001312,AODV,84,0,28,3,3000,Route Reply,100,25,60,1,0,9,12,7.67,2,2.57,4,5.8,normal
0.000914,AODV,84,0,28,4,3000,Route Reply,100,21,53,1,0,9,12,7.67,2,2.57,4,5.8,normal
0.001473,AODV,84,0,28,0,0,Route Error,1100,5,65,2,0,9,12,7.67,2,2.57,4,5.8,normal
0.002492,AODV,84,0,28,0,0,Route Error,"1,0",13,66,2,0,9,12,7.67,2,2.57,4,5.8,normal
0.001018,AODV,92,0,36,0,0,Route Error,"1,1,0",16,67,2,0,9,12,7.67,2,2.57,4,5.8,normal
0.002509,AODV,76,0,20,0,0,Route Error,0,13,77,2,0,9,12,7.67,2,2.57,4,5.8,normal
0.00234,AODV,88,10240,32,0,0,Route Request,0,2,41,0,0,5,9,4.8,1,2.52,2,8.33,attack
0.00005,AODV,88,10240,32,1,0,Route Request,0,1,40,1,0,5,9,4.8,1,2.52,2,8.33,normal
0.001846,AODV,88,10240,32,1,0,Route Request,0,3,40,1,0,5,9,4.8,1,2.52,2,8.33,normal
0.000956,AODV,88,10240,32,3,0,Route Request,0,9,40,1,0,5,9,4.8,1,2.52,2,8.33,normal
0.001246,AODV,88,10240,32,4,0,Route Request,0,3,41,1,0,5,9,4.8,1,2.52,2,8.33,normal
0.00065,AODV,88,10240,32,4,0,Route Request,0,1,41,1,0,5,9,4.8,1,2.52,2,8.33,normal
0.004148,AODV,88,10240,32,1,0,Route Request,0,9,41,1,0,5,9,4.8,1,2.52,2,8.33,normal
0.001139,AODV,88,10240,32,1,0,Route Request,0,5,41,1,0,5,9,4.8,1,2.52,2,8.33,normal
0.002061,AODV,88,10240,32,3,0,Route Request,0,9,42,1,0,5,9,4.8,1,2.52,2,8.33,normal
0.003342,AODV,88,10240,32,3,0,Route Request,0,5,42,1,0,5,9,4.8,1,2.52,2,8.33,normal
0.003081,AODV,88,10240,32,4,0,Route Request,0,3,42,1,0,5,9,4.8,1,2.52,2,8.33,normal
0.002405,AODV,88,10240,32,3,0,Route Request,0,9,43,1,0,5,9,4.8,1,2.52,2,8.33,normal
0.000914,AODV,84,16384,28,1,3000,Route Reply,100,10,44,1,0,5,9,4.8,1,2.52,2,8.33,attack
0.00005,AODV,88,10240,32,4,0,Route Request,0,1,42,1,0,5,9,4.8,1,2.52,2,8.33,normal
0.002889,AODV,88,10240,32,4,0,Route Request,0,1,43,1,0,5,9,4.8,1,2.52,2,8.33,normal
0.004125,AODV,84,16384,28,1,3000,Route Reply,100,11,46,1,0,5,9,4.8,1,2.52,2,8.33,attack
0.001436,AODV,88,10240,32,3,0,Route Request,0,5,43,1,0,5,9,4.8,1,2.52,2,8.33,normal
0.00189,AODV,84,16384,28,1,3000,Route Reply,100,12,47,1,0,5,9,4.8,1,2.52,2,8.33,attack
0.001776,AODV,66,0,10,0,0,Route Reply Acknowledgment,0,12,48,2,0,5,9,4.8,1,2.52,2,8.33,normal
0.000934,AODV,84,0,28,4,3000,Route Reply,100,12,49,1,0,5,9,4.8,1,2.52,2,8.33,normal
0.000914,AODV,84,0,28,2,3000,Route Reply,100,13,50,1,0,5,9,4.8,1,2.52,2,8.33,normal
0.000914,AODV,84,0,28,5,2993,Route Reply,0,12,52,1,0,5,9,4.8,1,2.52,2,8.33,normal
0.001019,AODV,92,0,36,0,0,Route Error,"1,1,0",12,67,2,0,5,9,4.8,1,2.52,2,8.33,normal
0.001767,AODV,76,0,20,0,0,Route Error,0,6,102,2,0,5,9,4.8,1,2.52,2,8.33,normal
0.004868,AODV,88,10240,32,2,0,Route Request,0,7,40,1,0,9,15,7.44,3,2.65,7,10.45,normal
0.001167,AODV,88,10240,32,2,0,Route Request,0,5,40,1,0,9,15,7.44,3,2.65,7,10.45,normal
0.001192,AODV,88,10240,32,3,0,Route Request,0,8,40,1,0,9,15,7.44,3,2.65,7,10.45,normal
0.001147,AODV,88,10240,32,0,0,Route Request,0,6,41,0,0,9,15,7.44,3,2.65,7,10.45,attack
0.000947,AODV,88,10240,32,1,0,Route Request,0,3,40,1,0,9,15,7.44,3,2.65,7,10.45,normal
0.00095,AODV,88,10240,32,1,0,Route Request,0,11,40,1,0,9,15,7.44,3,2.65,7,10.45,normal
0.000059,AODV,88,10240,32,3,0,Route Request,0,9,40,1,0,9,15,7.44,3,2.65,7,10.45,normal
0.002143,AODV,88,10240,32,4,0,Route Request,0,11,41,1,0,9,15,7.44,3,2.65,7,10.45,normal
0.001546,AODV,88,10240,32,4,0,Route Request,0,3,41,1,0,9,15,7.44,3,2.65,7,10.45,normal
0.003251,AODV,88,10240,32,1,0,Route Request,0,2,41,1,0,9,15,7.44,3,2.65,7,10.45,normal
0.000243,AODV,88,10240,32,1,0,Route Request,0,9,41,1,0,9,15,7.44,3,2.65,7,10.45,normal
0.005581,AODV,88,10240,32,2,0,Route Request,0,8,41,1,0,9,15,7.44,3,2.65,7,10.45,normal
0.004374,AODV,88,10240,32,2,0,Route Request,0,8,42,1,0,9,15,7.44,3,2.65,7,10.45,normal
0.001106,AODV,88,10240,32,1,0,Route Request,0,1,42,1,0,9,15,7.44,3,2.65,7,10.45,normal
0.000955,AODV,88,10240,32,3,0,Route Request,0,2,42,1,0,9,15,7.44,3,2.65,7,10.45,normal
0.000987,AODV,88,10240,32,2,0,Route Request,0,1,43,1,0,9,15,7.44,3,2.65,7,10.45,normal
0.00146,AODV,88,10240,32,3,0,Route Request,0,9,42,1,0,9,15,7.44,3,2.65,7,10.45,normal
0.001903,AODV,88,10240,32,1,0,Route Request,0,4,41,1,0,9,15,7.44,3,2.65,7,10.45,normal
0.000987,AODV,88,10240,32,2,0,Route Request,0,8,43,1,0,9,15,7.44,3,2.65,7,10.45,normal
0.001087,AODV,88,10240,32,4,0,Route Request,0,11,42,1,0,9,15,7.44,3,2.65,7,10.45,normal
0.002405,AODV,88,10240,32,3,0,Route Request,0,2,43,1,0,9,15,7.44,3,2.65,7,10.45,normal
0.000914,AODV,84,16384,28,1,3000,Route Reply,100,12,44,1,0,9,15,7.44,3,2.65,7,10.45,attack
0.000947,AODV,88,10240,32,4,0,Route Request,0,3,42,1,0,9,15,7.44,3,2.65,7,10.45,normal
0.001167,AODV,88,10240,32,1,0,Route Request,0,4,42,1,0,9,15,7.44,3,2.65,7,10.45,normal
0.000967,AODV,88,10240,32,4,0,Route Request,0,11,43,1,0,9,15,7.44,3,2.65,7,10.45,normal
0.000967,AODV,88,10240,32,2,0,Route Request,0,5,42,1,0,9,15,7.44,3,2.65,7,10.45,normal
0.001086,AODV,88,10240,32,1,0,Route Request,0,7,42,1,0,9,15,7.44,3,2.65,7,10.45,normal
0.001087,AODV,88,10240,32,3,0,Route Request,0,5,43,1,0,9,15,7.44,3,2.65,7,10.45,normal
0.003349,AODV,84,16384,28,1,3000,Route Reply,100,13,46,1,0,9,15,7.44,3,2.65,7,10.45,attack
0.000225,AODV,88,10240,32,3,0,Route Request,0,9,43,1,0,9,15,7.44,3,2.65,7,10.45,normal
0.001095,AODV,84,16384,28,1,3000,Route Reply,100,14,47,1,0,9,15,7.44,3,2.65,7,10.45,attack
0.000988,AODV,88,10240,32,4,0,Route Request,0,4,43,1,0,9,15,7.44,3,2.65,7,10.45,normal
0.001126,AODV,88,10240,32,4,0,Route Request,0,1,46,1,0,9,15,7.44,3,2.65,7,10.45,normal
0.000987,AODV,88,10240,32,1,0,Route Request,0,7,43,1,0,9,15,7.44,3,2.65,7,10.45,normal
0.00079,AODV,66,0,10,0,0,Route Reply Acknowledgment,0,14,48,2,0,9,15,7.44,3,2.65,7,10.45,normal
0.001066,AODV,88,10240,32,3,0,Route Request,0,7,44,1,0,9,15,7.44,3,2.65,7,10.45,normal
0.000995,AODV,84,0,28,3,3000,Route Reply,100,15,48,1,0,9,15,7.44,3,2.65,7,10.45,normal
0.000934,AODV,84,0,28,4,3000,Route Reply,100,14,49,1,0,9,15,7.44,3,2.65,7,10.45,normal
0.000914,AODV,84,0,28,2,3000,Route Reply,100,15,50,1,0,9,15,7.44,3,2.65,7,10.45,normal
0.001194,AODV,84,0,28,3,3000,Route Reply,100,16,51,1,0,9,15,7.44,3,2.65,7,10.45,normal
0.000954,AODV,84,0,28,2,3000,Route Reply,100,13,50,1,0,9,15,7.44,3,2.65,7,10.45,normal
0.000914,AODV,84,0,28,3,3000,Route Reply,100,17,52,1,0,9,15,7.44,3,2.65,7,10.45,normal
0.000871,AODV,66,0,10,0,0,Route Reply Acknowledgment,0,13,51,2,0,9,15,7.44,3,2.65,7,10.45,normal
0.00077,AODV,66,0,10,0,0,Route Reply Acknowledgment,0,18,52,2,0,9,15,7.44,3,2.65,7,10.45,normal
0.003642,AODV,66,0,10,0,0,Route Reply Acknowledgment,0,12,48,2,0,9,15,7.44,3,2.65,7,10.45,normal
0.000994,AODV,84,0,28,2,3000,Route Reply,100,18,53,1,0,9,15,7.44,3,2.65,7,10.45,normal
0.00131,AODV,84,0,28,4,2985,Route Reply,100,13,54,1,0,9,15,7.44,3,2.65,7,10.45,normal
0.000914,AODV,84,0,28,2,3000,Route Reply,100,19,49,1,0,9,15,7.44,3,2.65,7,10.45,normal
0.001014,AODV,84,0,28,4,3000,Route Reply,100,19,50,1,0,9,15,7.44,3,2.65,7,10.45,normal
0.000954,AODV,84,0,28,2,3000,Route Reply,100,20,48,1,0,9,15,7.44,3,2.65,7,10.45,normal
0.000914,AODV,84,0,28,3,3000,Route Reply,100,16,54,1,0,9,15,7.44,3,2.65,7,10.45,normal
0.003714,AODV,84,0,28,4,2970,Route Reply,100,20,49,1,0,9,15,7.44,3,2.65,7,10.45,normal
0.000914,AODV,84,0,28,5,2970,Route Reply,100,16,55,1,0,9,15,7.44,3,2.65,7,10.45,normal
0.00244,AODV,66,0,10,0,0,Route Reply Acknowledgment,0,21,50,2,0,9,15,7.44,3,2.65,7,10.45,normal
0.000914,AODV,84,0,28,4,2975,Route Reply,0,17,58,1,0,9,15,7.44,3,2.65,7,10.45,normal
0.000914,AODV,84,0,28,5,2975,Route Reply,0,19,52,1,0,9,15,7.44,3,2.65,7,10.45,normal
0.001014,AODV,84,0,28,4,2993,Route Reply,0,15,59,1,0,9,15,7.44,3,2.65,7,10.45,normal
0.000914,AODV,84,0,28,5,2993,Route Reply,0,14,52,1,0,9,15,7.44,3,2.65,7,10.45,normal
0.001312,AODV,84,0,28,3,3000,Route Reply,100,20,60,1,0,9,15,7.44,3,2.65,7,10.45,normal
0.000914,AODV,84,0,28,4,3000,Route Reply,100,21,53,1,0,9,15,7.44,3,2.65,7,10.45,normal
0.014658,AODV,84,0,28,0,0,Route Error,"1,0",16,67,2,0,9,15,7.44,3,2.65,7,10.45,normal
0.007021,AODV,84,0,28,0,0,Route Error,"1,0",16,72,2,0,9,15,7.44,3,2.65,7,10.45,normal
0.001472,AODV,84,0,28,0,0,Route Error,1100,5,65,2,0,9,15,7.44,3,2.65,7,10.45,normal
0.0058,AODV,76,0,20,0,0,Route Error,1,16,74,2,0,9,15,7.44,3,2.65,7,10.45,normal
0.003356,AODV,84,0,28,0,0,Route Error,"1,0",12,66,2,0,9,15,7.44,3,2.65,7,10.45,normal
0.001018,AODV,92,0,36,0,0,Route Error,"1,1,0",14,67,2,0,9,15,7.44,3,2.65,7,10.45,normal
0.003308,AODV,76,0,20,0,0,Route Error,0,12,77,2,0,9,15,7.44,3,2.65,7,10.45,normal
0.00234,AODV,88,10240,32,0,0,Route Request,0,8,41,0,0,6,9,4.33,1,2.52,4,15.38,attack
0.000946,AODV,88,10240,32,1,0,Route Request,0,0,40,1,0,6,9,4.33,1,2.52,4,15.38,normal
0.000054,AODV,88,10240,32,1,0,Route Request,0,1,40,1,0,6,9,4.33,1,2.52,4,15.38,normal
0.001852,AODV,88,10240,32,3,0,Route Request,0,6,40,1,0,6,9,4.33,1,2.52,4,15.38,normal
0.00035,AODV,88,10240,32,4,0,Route Request,0,1,41,1,0,6,9,4.33,1,2.52,4,15.38,normal
0.002442,AODV,88,10240,32,4,0,Route Request,0,0,41,1,0,6,9,4.33,1,2.52,4,15.38,normal
0.003252,AODV,88,10240,32,1,0,Route Request,0,6,41,1,0,6,9,4.33,1,2.52,4,15.38,normal
0.001139,AODV,88,10240,32,1,0,Route Request,0,2,41,1,0,6,9,4.33,1,2.52,4,15.38,normal
0.002061,AODV,88,10240,32,3,0,Route Request,0,6,42,1,0,6,9,4.33,1,2.52,4,15.38,normal
0.003342,AODV,88,10240,32,3,0,Route Request,0,2,42,1,0,6,9,4.33,1,2.52,4,15.38,normal
0.002185,AODV,88,10240,32,4,0,Route Request,0,1,42,1,0,6,9,4.33,1,2.52,4,15.38,normal
0.003301,AODV,88,10240,32,3,0,Route Request,0,6,43,1,0,6,9,4.33,1,2.52,4,15.38,normal
0.000914,AODV,84,16384,28,1,3000,Route Reply,100,9,44,1,0,6,9,4.33,1,2.52,4,15.38,attack
0.000946,AODV,88,10240,32,4,0,Route Request,0,0,42,1,0,6,9,4.33,1,2.52,4,15.38,normal
0.001993,AODV,88,10240,32,4,0,Route Request,0,1,43,1,0,6,9,4.33,1,2.52,4,15.38,normal
0.004125,AODV,84,16384,28,1,3000,Route Reply,100,10,46,1,0,6,9,4.33,1,2.52,4,15.38,attack
0.001436,AODV,88,10240,32,3,0,Route Request,0,2,43,1,0,6,9,4.33,1,2.52,4,15.38,normal
0.00189,AODV,84,16384,28,1,3000,Route Reply,100,11,47,1,0,6,9,4.33,1,2.52,4,15.38,attack
0.001776,AODV,66,0,10,0,0,Route Reply Acknowledgment,0,11,48,2,0,6,9,4.33,1,2.52,4,15.38,normal
0.000934,AODV,84,0,28,4,3000,Route Reply,100,11,49,1,0,6,9,4.33,1,2.52,4,15.38,normal
0.000914,AODV,84,0,28,2,3000,Route Reply,100,12,50,1,0,6,9,4.33,1,2.52,4,15.38,normal
0.000914,AODV,84,0,28,5,2993,Route Reply,0,11,52,1,0,6,9,4.33,1,2.52,4,15.38,normal
0.003357,AODV,84,0,28,0,0,Route Error,"1,0",9,66,2,0,6,9,4.33,1,2.52,4,15.38,normal
0.001883,AODV,92,0,36,0,0,Route Error,"1,1,0",11,67,2,0,6,9,4.33,1,2.52,4,15.38,normal
0.005174,AODV,76,0,20,0,0,Route Error,0,9,77,2,0,6,9,4.33,1,2.52,4,15.38,normal
0.002631,AODV,76,0,20,0,0,Route Error,0,3,102,2,0,6,9,4.33,1,2.52,4,15.38,normal
0.940246,AODV,88,10240,32,4,0,Route Request,0,7,40,1,0,3,17,13.67,4,2.61,7,17.07,normal
0.004896,AODV,88,10240,32,0,0,Route Request,0,1,40,0,0,3,17,13.67,4,2.61,7,17.07,attack
0.000947,AODV,88,10240,32,1,0,Route Request,0,7,41,1,0,3,17,13.67,4,2.61,7,17.07,normal
0.002142,AODV,88,10240,32,5,0,Route Request,0,5,40,1,0,3,17,13.67,4,2.61,7,17.07,normal
0.000999,AODV,88,10240,32,3,0,Route Request,0,7,43,1,0,3,17,13.67,4,2.61,7,17.07,normal
0.001209,AODV,84,16384,28,1,3000,Route Reply,100,8,42,1,0,3,17,13.67,4,2.61,7,17.07,attack
0.00061,AODV,88,10240,32,1,0,Route Request,0,5,41,1,0,3,17,13.67,4,2.61,7,17.07,normal
0.001812,AODV,84,0,28,2,5439,Route Reply,1,9,42,1,0,3,17,13.67,4,2.61,7,17.07,normal
0.001862,AODV,88,10240,32,3,0,Route Request,0,7,45,1,0,3,17,13.67,4,2.61,7,17.07,normal
0.000128,AODV,88,10240,32,4,0,Route Request,0,5,42,1,0,3,17,13.67,4,2.61,7,17.07,normal
0.001811,AODV,84,0,28,5,5199,Route Reply,1,9,45,1,0,3,17,13.67,4,2.61,7,17.07,normal
0.000914,AODV,84,0,28,2,3000,Route Reply,100,10,47,1,0,3,17,13.67,4,2.61,7,17.07,normal
0.002101,AODV,84,16384,28,1,3000,Route Reply,100,8,43,1,0,3,17,13.67,4,2.61,7,17.07,attack
0.000455,AODV,88,10240,32,4,0,Route Request,0,5,43,1,0,3,17,13.67,4,2.61,7,17.07,normal
0.001812,AODV,84,0,28,5,5199,Route Reply,1,9,46,1,0,3,17,13.67,4,2.61,7,17.07,normal
0.00105,AODV,66,0,10,0,0,Route Reply Acknowledgment,0,8,49,2,0,3,17,13.67,4,2.61,7,17.07,normal
0.002068,AODV,84,16384,28,1,3000,Route Reply,100,8,46,1,0,3,17,13.67,4,2.61,7,17.07,attack
0.00085,AODV,66,0,10,0,0,Route Reply Acknowledgment,0,8,50,2,0,3,17,13.67,4,2.61,7,17.07,normal
0.001051,AODV,66,0,10,0,0,Route Reply Acknowledgment,0,8,51,2,0,3,17,13.67,4,2.61,7,17.07,normal
0.003077,AODV,84,0,28,2,3000,Route Reply,100,10,52,1,0,3,17,13.67,4,2.61,7,17.07,normal
0.000914,AODV,84,0,28,4,3000,Route Reply,100,8,54,1,0,3,17,13.67,4,2.61,7,17.07,normal
0.000914,AODV,84,0,28,4,3000,Route Reply,100,8,55,1,0,3,17,13.67,4,2.61,7,17.07,normal
0.000914,AODV,84,0,28,6,2970,Route Reply,100,8,56,1,0,3,17,13.67,4,2.61,7,17.07,normal
0.001014,AODV,84,16384,28,1,2975,Route Reply,0,11,48,1,0,3,17,13.67,4,2.61,7,17.07,normal
0.001599,AODV,84,16384,28,1,2994,Route Reply,0,11,49,1,0,3,17,13.67,4,2.61,7,17.07,normal
0.00132,AODV,84,16384,28,1,2993,Route Reply,0,11,50,1,0,3,17,13.67,4,2.61,7,17.07,normal
0.000454,AODV,84,0,28,2,2994,Route Reply,0,12,47,1,0,3,17,13.67,4,2.61,7,17.07,normal
0.000514,AODV,84,0,28,2,2975,Route Reply,0,13,49,1,0,3,17,13.67,4,2.61,7,17.07,normal
0.000914,AODV,84,0,28,3,2975,Route Reply,0,10,59,1,0,3,17,13.67,4,2.61,7,17.07,normal
0.002594,AODV,84,0,28,2,2993,Route Reply,0,13,50,1,0,3,17,13.67,4,2.61,7,17.07,normal
0.000914,AODV,84,0,28,3,2993,Route Reply,0,10,60,1,0,3,17,13.67,4,2.61,7,17.07,normal
0.001879,AODV,66,0,10,0,0,Route Reply Acknowledgment,0,11,51,2,0,3,17,13.67,4,2.61,7,17.07,normal
0.000911,AODV,66,0,10,0,0,Route Reply Acknowledgment,0,11,52,2,0,3,17,13.67,4,2.61,7,17.07,normal
0.000885,AODV,66,0,10,0,0,Route Reply Acknowledgment,0,11,53,2,0,3,17,13.67,4,2.61,7,17.07,normal
0.00085,AODV,76,0,20,0,0,Route Error,1,8,67,2,0,3,17,13.67,4,2.61,7,17.07,normal
0.04068,AODV,76,0,20,0,0,Route Error,0,11,60,2,0,3,17,13.67,4,2.61,7,17.07,normal
0.00099,AODV,76,0,20,0,0,Route Error,0,5,62,2,0,3,17,13.67,4,2.61,7,17.07,normal
0.001065,AODV,100,0,44,0,0,Route Error,"1,1,1,0",11,65,2,0,3,17,13.67,4,2.61,7,17.07,normal
0.007562,AODV,76,0,20,0,0,Route Error,0,8,102,2,0,3,17,13.67,4,2.61,7,17.07,normal
0.005695,AODV,76,0,20,0,0,Route Error,0,8,111,2,0,3,17,13.67,4,2.61,7,17.07,normal
0.000965,AODV,76,0,20,0,0,Route Error,0,5,102,2,0,3,17,13.67,4,2.61,7,17.07,normal
0.001214,AODV,84,0,28,6,5119,Route Reply,1,3,41,1,0,0,7,7,7,3,0,0,normal
0.003721,AODV,84,0,28,2,5439,Route Reply,1,3,42,1,0,0,7,7,7,3,0,0,normal
0.003766,AODV,84,0,28,5,5199,Route Reply,1,3,45,1,0,0,7,7,7,3,0,0,normal
0.009129,AODV,84,0,28,5,5199,Route Reply,1,3,46,1,0,0,7,7,7,3,0,0,normal
0.001014,AODV,84,16384,28,1,2975,Route Reply,0,4,48,1,0,0,7,7,7,3,0,0,normal
0.001609,AODV,84,16384,28,1,2994,Route Reply,0,4,49,1,0,0,7,7,7,3,0,0,normal
0.00133,AODV,84,16384,28,1,2993,Route Reply,0,4,50,1,0,0,7,7,7,3,0,0,normal
